t,phase_2,phase_1
0.0,4.069858485222265e-5,2.7799172564231713e-7
0.005,0.00016063138544617476,2.1983318054440395e-6
0.01,0.00035664814065154357,7.333900821756162e-6
0.015,0.0006257201915840975,1.7408739691696068e-5
0.02,0.0009649432538860521,3.410760001647219e-5
0.025,0.0013715274807553964,5.891508139372808e-5
0.03,0.001842787355767361,9.316230195359178e-5
0.035,0.0023761452192578216,0.00013827511569890826
0.04,0.002969134227805305,0.00019611038717382272
0.045,0.003619387176527589,0.00026780636124065836
0.05,0.00432462165529965,0.0003542776461390088
0.055,0.005082654440269776,0.00045727499860775196
0.06,0.005891394504527505,0.0005779346020767303
0.065,0.006748822651434867,0.0007168650905777303
0.07,0.007653009057234857,0.0008746573096860219
0.075,0.008602100189522037,0.0010543221588012817
0.08,0.009594337040430915,0.0012549037225895589
0.085,0.010628012823767448,0.0014785152924101275
0.09,0.011701509596421952,0.0017255350629240343
0.095,0.01281325668872897,0.0019950744120219386
0.1,0.013961737287137302,0.00228910002789023
0.105,0.015145496415932607,0.0026064352216346406
0.11,0.016363134248799812,0.002949634712060559
0.115,0.01761332701490888,0.003317989118026032
0.12,0.01889479320849078,0.003712242256143828
0.125,0.020206307694884636,0.004132467807585195
0.13,0.021546700076245266,0.004578854188683896
0.135,0.022914826993959095,0.005051011906873657
0.14,0.024309581268186675,0.0055488096038987
0.145,0.025729904096947743,0.006072827741605659
0.15,0.027174793118370014,0.006623227174082836
0.155,0.02864329596519781,0.007199833681426732
0.16,0.03013450461818859,0.007802212291057477
0.165,0.03164753935646932,0.008429867601710094
0.17,0.03318152737680967,0.009082548823332134
0.175,0.034735227719817206,0.009760743131315159
0.18,0.036307117512573844,0.010465650889987762
0.185,0.03789587545356837,0.011198256359295857
0.19,0.0395007522099732,0.01195855110580275
0.195,0.04112104224966325,0.01274634906550581
0.2,0.04275606307029367,0.013564466888496959
0.205,0.044405148525673226,0.014412293941057707
0.21,0.0460676593970651,0.01529251037178149
0.215,0.047742971866443724,0.01620439754488073
0.22,0.049430486413168495,0.017150397496254702
0.225,0.05112961597093706,0.01813072786131475
0.23,0.05283978777670855,0.019146740109706257
0.235,0.05456044461202093,0.020199288293253664
0.24,0.05629105015789914,0.02128775185015751
0.245,0.0580310856224289,0.022413462128758735
0.25,0.05978004333741385,0.023576307024512137
0.255,0.06153742710862839,0.024778069559794013
0.26,0.06330275204758744,0.026017646192451754
0.265,0.06507555299385143,0.027295448027602094
0.27,0.06685537529885656,0.02861152251401237
0.275,0.06864177699766434,0.029965781996167794
0.28,0.07043432839031047,0.03135833014757557
0.285,0.07223261066510976,0.03278860464103891
0.29,0.07403621787662723,0.03425677168215569
0.295,0.07584475343129335,0.03576270141035885
0.3,0.07765783073125392,0.03730601874406495
0.305,0.07947507498699127,0.038886136732664854
0.31,0.08129612404690645,0.04050213001352033
0.315,0.08312062928176564,0.04215295970962757
0.32,0.0849482552338859,0.043837598087937496
0.325,0.0867786790475845,0.04555502885332995
0.33,0.08861158989683278,0.04730424741872769
0.335,0.09044628331610383,0.04908426115415098
0.34,0.09228202513771838,0.05089408964482742
0.345,0.0941185596908162,0.05273276491335422
0.35,0.09595561039024407,0.05459933161279599
0.355,0.09779292104700667,0.05649284718754284
0.36,0.09963025393045362,0.05841238201843597
0.365,0.10146738796151475,0.06035701954996927
0.37,0.10330411703228143,0.06232585640049437
0.375,0.10514024844711874,0.06431800245631335
0.38,0.10697560148041108,0.06633258095050268
0.385,0.10881000604598977,0.0683687285272723
0.39,0.11064330147326422,0.07042559529262629
0.395,0.11247462594911853,0.07250234485882914
0.4,0.11430387938816183,0.07459815440570723
0.405,0.11613090110266003,0.07671221470137211
0.41,0.11795554720674108,0.07884373010186321
0.415,0.11977768848967985,0.08099191854251263
0.42,0.12159720847058693,0.08315601151881667
0.425,0.12341400162437713,0.08533525405748212
0.43,0.1252279717691765,0.08752890467827674
0.435,0.12703903060562038,0.08973623534727831
0.44,0.1288464291611039,0.09195653142844357
0.445,0.13065012920435223,0.0941890916551027
0.45,0.13245003533713565,0.09643322806738433
0.455,0.13424606667731764,0.09868826593355155
0.46,0.13603815469550265,0.10095354366714718
0.465,0.13782624125387105,0.10322841273776381
0.47,0.13961027683452518,0.10551223757595149
0.475,0.1413902189451577,0.10780439547274165
0.48,0.14316571784573748,0.11010427647557387
0.485,0.14493638651016083,0.11241128330361838
0.49,0.1467021952361148,0.11472483124810842
0.495,0.14846309745318065,0.11704434806198759
0.5,0.15021905894570353,0.11936927383584092
0.505,0.15197005575015107,0.12169906087227632
0.51,0.1537160722609932,0.12403317355681641
0.515,0.1554570995311671,0.12637108822569398
0.52,0.15719288987007973,0.1287122930309132
0.525,0.1589229730794309,0.1310562878238571
0.53,0.1606469711627293,0.13340258404758973
0.535,0.16236484011043584,0.1357507046169016
0.54,0.16407655707605523,0.13810018377945538
0.545,0.1657821171677047,0.14045056697056973
0.55,0.16748153053556797,0.1428014106656204
0.555,0.16917481973629425,0.1451522822304777
0.56,0.17086201735620862,0.14750275977036303
0.565,0.1725431638759975,0.14985243197747108
0.57,0.1742183057603125,0.15220089797767283
0.575,0.17588749375650298,0.1545477671765836
0.58,0.17755033454413507,0.15689265910946998
0.585,0.17920688786515376,0.15923520330969415
0.59,0.18085717978630966,0.16157503916004864
0.595,0.18250124555445887,0.16391181573774802
0.6,0.1841391276010829,0.1662451916608221
0.605,0.1857708737600855,0.16857483493441897
0.61,0.18739653568360767,0.17090042279725284
0.615,0.18901568512076952,0.17322164157298392
0.62,0.1906283941309574,0.17553818654213454
0.625,0.19223469417690472,0.17784976179564907
0.63,0.19383462521995215,0.18015608008230738
0.635,0.1954282338380618,0.1824568626583539
0.64,0.19701557154672508,0.18475183913762702
0.645,0.1985966933080776,0.18704074734238643
0.65,0.20017116805152763,0.18932333315965483
0.655,0.20173907655163667,0.19159935041873608
0.66,0.20330045636651004,0.19386856075033426
0.665,0.20485535290946097,0.19613073343991572
0.67,0.2064038176716546,0.19838564528377198
0.675,0.20794590663753906,0.20063308044599076
0.68,0.20948167887900102,0.20287283031650194
0.685,0.21101060039522213,0.20510469337397289
0.69,0.2125320772151861,0.20732847508708782
0.695,0.21404610094879248,0.2095439878186631
0.7,0.21555268790454338,0.21175105069437156
0.705,0.21705187542882443,0.2139494894675273
0.71,0.2185437185747071,0.21613913638389265
0.715,0.22002828707931169,0.2183198300468304
0.72,0.2215056626296853,0.22049141528308638
0.725,0.222975936380255,0.22265375603530554
0.73,0.2244392065188438,0.22480678427655623
0.735,0.22589557601205681,0.22695045784804024
0.74,0.22734515081535442,0.22908473557500048
0.745,0.22878803832930913,0.2312095601080852
0.75,0.23022423754583068,0.23332487244200717
0.755,0.2316537120606957,0.23543062409320079
0.76,0.23307653169414647,0.2375267748389548
0.765,0.2344927648360311,0.2396132495190941
0.77,0.23590248456572055,0.24169001318761812
0.775,0.23730576745737011,0.24375698621836933
0.78,0.23870269108411687,0.24581413730165366
0.785,0.24009318924804887,0.24786144188611353
0.79,0.24147716451305648,0.2498988746190733
0.795,0.24285467524785329,0.25192638082230284
0.8,0.24422577379502997,0.25394393019579514
0.805,0.2455905178371437,0.25595149976310305
0.81,0.24694896900604646,0.2579490080547769
0.815,0.2483011901636068,0.2599364514068536
0.82,0.2496472462686027,0.26191382154653153
0.825,0.25098687725779184,0.26388085758929697
0.83,0.2523201496225697,0.26583770283596553
0.835,0.2536471059713405,0.2677843435819156
0.84,0.254967793957273,0.2697207488251609
0.845,0.25628226503556456,0.2716467460225683
0.85,0.25759057199572316,0.2735624248613554
0.855,0.25889277071129807,0.2754678271023509
0.86,0.2601887662959443,0.2773628067334876
0.865,0.2614784352832458,0.2792473833120258
0.87,0.26276182362317035,0.28112169651725827
0.875,0.26403897029209344,0.2829855675124305
0.88,0.2653099190392742,0.28483916525290986
0.885,0.2665747184675247,0.28668232044502745
0.89,0.26783341965346424,0.2885152061515435
0.895,0.26908607547179525,0.2903375558330926
0.9,0.2703325983730268,0.2921494866735012
0.905,0.2715728768393461,0.293950933179508
0.91,0.27280695291303125,0.2957421251863179
0.915,0.27403486336337984,0.2975228291303528
0.92,0.27525664642049785,0.29929306281634394
0.925,0.2764723472936845,0.30105306892648515
0.93,0.27768201558473626,0.30280263206728314
0.935,0.2788856986980532,0.3045417689213502
0.94,0.2800833266323494,0.3062705496833998
0.945,0.2812748063236226,0.30798900535436646
0.95,0.28246017435174425,0.3096970611422224
0.955,0.2836394616008486,0.3113947794374795
0.96,0.2848127053241355,0.31308221674616543
0.965,0.2859799459572112,0.31475932642300747
0.97,0.28714122734070147,0.3164262681966267
0.975,0.2882965971324251,0.3180829684082723
0.98,0.28944601874746706,0.3197294368096978
0.985,0.2905893675485782,0.321365829862724
0.99,0.2917265432442403,0.32299210131877887
0.995,0.2928575517593659,0.3246082783694475
1.0,0.29398240962339445,0.32621444720501336
1.005,0.29510114492731915,0.32781066467898673
1.01,0.2962137933436712,0.32939693067679593
1.015,0.29732039468894633,0.3309732864149052
1.02,0.29842099257980204,0.33253979538898676
1.025,0.29951563364388656,0.334096538730174
1.03,0.3006043700926956,0.33564357601363576
1.035,0.3016872594689124,0.337180914818941
1.04,0.3027643197484699,0.33870860094148264
1.045,0.3038355092725252,0.3402266988350325
1.05,0.3049007855917332,0.3417352867282393
1.055,0.3059601528135919,0.3432344522439856
1.06,0.3070136279465919,0.3447240723043485
1.065,0.30806123994858836,0.3462041888968625
1.07,0.3091030227609309,0.3476748486811202
1.075,0.3101390154359329,0.3491361092833139
1.08,0.31116926119365856,0.3505880365474508
1.085,0.312193809552365,0.3520303495047707
1.09,0.31321271595917805,0.3534631069778139
1.095,0.3142260358128767,0.3548863500361606
1.1,0.31523379843492616,0.3563001305572318
1.105,0.31623598418063853,0.3577045108017516
1.11,0.31723257074184874,0.3590990629301953
1.115,0.31822357609783264,0.3604832827842696
1.12,0.3192090278941396,0.36185714821227366
1.125,0.32018895947720577,0.36322066577046525
1.13,0.321163408909429,0.36457386637910316
1.135,0.3221324180734651,0.36591680139920096
1.14,0.32309603186112623,0.36724953910044056
1.145,0.32405429744222913,0.36857216149220146
1.15,0.32500726360874505,0.3698847614911176
1.155,0.325954980189647,0.3711874403999895
1.16,0.3268974547317404,0.372480306222663
1.165,0.32783467582743475,0.37376338803729686
1.17,0.32876667439257945,0.3750366118097694
1.175,0.32969348643896207,0.3762999184337322
1.18,0.33061515203603875,0.37755335772629445
1.185,0.33153171312938456,0.378796993954761
1.19,0.332443212979216,0.3800309031859172
1.195,0.3333496956599315,0.3812551709147525
1.2,0.33425114962225555,0.382469890468797
1.205,0.33514754558387805,0.3836751619378954
1.21,0.33603890986744905,0.3848710895309441
1.215,0.336925271408773,0.3860575159738333
1.22,0.3378066649519639,0.3872345422327761
1.225,0.3386831267692684,0.38840225208226203
1.23,0.3395546948208917,0.38956073500690697
1.235,0.34042140824824,0.3907100846498166
1.24,0.3412832602586911,0.3918502613754173
1.245,0.3421401903276487,0.39298120467188824
1.25,0.3429921485877125,0.39410300533698567
1.255,0.3438391462663744,0.39521574854712266
1.26,0.3446812014965037,0.39631952418120914
1.265,0.3455183382837934,0.39741442548146644
1.27,0.3463505858892975,0.39850043409956065
1.275,0.3471779807123705,0.39957742256296364
1.28,0.34800056406515345,0.4006453026707862
1.285,0.34881838010322747,0.401704139895681
1.29,0.3496314741554728,0.4027540097253346
1.295,0.35043989224736943,0.4037949958037444
1.3,0.35124364650273454,0.4048271884478496
1.305,0.35204270330671494,0.40585068470157254
1.31,0.35283703276323236,0.406865586177739
1.315,0.3536266479502769,0.40787199710449146
1.32,0.3544115690908123,0.40886992002905853
1.325,0.3551918236434782,0.40985933786906564
1.33,0.35596744410263625,0.4108403447821593
1.335,0.35673846608013116,0.4118130302874896
1.34,0.3575049278579028,0.4127774872614754
1.345,0.3582668697686498,0.41373381089214933
1.35,0.35902433364134295,0.41468209775786197
1.355,0.3597773636755386,0.41562222497558343
1.36,0.36052597604268893,0.4165542951961558
1.365,0.3612701449012485,0.41747839420798843
1.37,0.36200984692718396,0.41839461192705435
1.375,0.36274509635491625,0.41930304070289903
1.38,0.3634759133172583,0.42020377391892044
1.385,0.3642023241876282,0.42109669243243314
1.39,0.3649243609315444,0.4219818972278336
1.395,0.3656420581442791,0.42285947052757705
1.4,0.36635545285651194,0.42372949742382476
1.405,0.36706458395688374,0.42459206501170116
1.41,0.3677694916753211,0.42544726162370544
1.415,0.368470217659369,0.42629507866862093
1.42,0.36916677639145173,0.4271354929056126
1.425,0.3698591438249173,0.42796859110360636
1.43,0.3705472985698249,0.4287944547613466
1.435,0.3712312555083562,0.4296131680301934
1.44,0.3719110349197587,0.4304248164272981
1.445,0.372586661636975,0.4312294861895508
1.45,0.3732581647737749,0.43202717274656494
1.455,0.37392557780792607,0.4328178576651313
1.46,0.37458893701759577,0.43360162369676725
1.465,0.3752482801218154,0.4343785476091499
1.47,0.375903645979369,0.435148708303045
1.475,0.3765550741669219,0.43591218612299576
1.48,0.3772025764168953,0.43666906239402126
1.485,0.37784612791152483,0.43741933819610757
1.49,0.37848570851747065,0.4381630027250766
1.495,0.37912133403949205,0.43890013632976743
1.5,0.37975302502264385,0.43963081379459523
1.505,0.3803808061328938,0.4403551116190131
1.51,0.3810047054513256,0.4410731074110364
1.515,0.3816247538357059,0.4417848793511989
1.52,0.38224098451587735,0.44249044376715996
1.525,0.382853434028802,0.4431897571615093
1.53,0.3834621409847544,0.44388279693874394
1.535,0.3840671449263206,0.44456962360506475
1.54,0.38466845045849474,0.44525030268532495
1.545,0.3852660506157767,0.44592490432560333
1.55,0.3858599726759284,0.44659350184545565
1.555,0.38645024408689455,0.4472561704714627
1.56,0.38703689421555,0.4479129868208091
1.565,0.3876199538926265,0.448564028338848
1.57,0.38819945500619396,0.44920937280210715
1.575,0.38877543051103225,0.44984904846806434
1.58,0.3893478726501921,0.4504830724611957
1.585,0.3899167635873515,0.4511115146689075
1.59,0.39048212907637714,0.4517344430960647
1.595,0.3910439939294127,0.45235192691065096
1.6,0.3916023848585308,0.45296403605259233
1.605,0.3921573300463659,0.4535708407898446
1.61,0.3927088589041883,0.45417236911295344
1.615,0.39325700293490007,0.45476860498913835
1.62,0.393801758388036,0.4553595446576821
1.625,0.39434308266985235,0.45594524121786906
1.63,0.3948809429066885,0.4565257522424619
1.635,0.3954153541295915,0.45710113850378453
1.64,0.3959463354328019,0.4576714629017683
1.645,0.3964739093258047,0.4582367898895726
1.65,0.3969981011452918,0.45879718496067956
1.655,0.3975189385232093,0.45935271419308216
1.66,0.39803645090721634,0.45990344384639364
1.665,0.3985506692583454,0.46044940840296644
1.67,0.3990616267519907,0.4609906065894447
1.675,0.39956935785117514,0.46152704442530473
1.68,0.4000738702272666,0.4620587689404356
1.685,0.40057513910486564,0.4625858316979134
1.69,0.40107314507249126,0.4631082876008249
1.695,0.4015679037607577,0.4636261937974469
1.7,0.40205943457698723,0.46413960876877436
1.705,0.4025477600928165,0.464648591872642
1.71,0.4030329054888022,0.46515320293855705
1.715,0.4035148980523506,0.4656535019095719
1.72,0.4039937668417999,0.46614952180406405
1.725,0.40446954326495344,0.46664126439967996
1.73,0.4049422601863707,0.4671287369947768
1.735,0.4054119511063826,0.4676119811844257
1.74,0.4058786192540152,0.4680910419544647
1.745,0.4063422588633815,0.4685659674764463
1.75,0.4068028945528181,0.4690368080673464
1.755,0.40726055063886946,0.4695036152807247
1.76,0.4077152528863278,0.4699664415759963
1.765,0.4081670281501899,0.4704253399428639
1.77,0.40861590405596104,0.4708803635689312
1.775,0.40906190871559145,0.4713315655472626
1.78,0.4095050357725994,0.4717789379440105
1.785,0.4099452714475769,0.4722225295645018
1.79,0.4103826388995884,0.4726623857068819
1.795,0.4108171601873143,0.47309855244628557
1.8,0.4112488588038574,0.47353107638714215
1.805,0.41167775933840944,0.47396000436689484
1.81,0.4121038871738441,0.4743853831951184
1.815,0.41252726874084916,0.4748071907910375
1.82,0.4129478950021505,0.4752254721126603
1.825,0.41336574918178515,0.47564026762653544
1.83,0.41378085349912586,0.4760516189626823
1.835,0.41419322877744996,0.4764595682159987
1.84,0.4146028972448556,0.4768641577551871
1.845,0.4150098822110878,0.4772654299821349
1.85,0.4154142082574673,0.4776633416664336
1.855,0.41581590227529447,0.4780578344134161
1.86,0.4162149552139741,0.47844893178288217
1.865,0.4166113507725115,0.47883666234894146
1.87,0.41700511184628325,0.4792210585998874
1.875,0.41739625956845877,0.4796021559628385
1.88,0.4177848162425749,0.4799799923308463
1.885,0.4181708050520104,0.4803546075654175
1.89,0.41855424980044675,0.48072604304811867
1.895,0.4189351746811735,0.48109434127793044
1.9,0.41931356854296314,0.4814595457184746
1.905,0.41968941366449675,0.4818217008023661
1.91,0.4200627310556302,0.4821808512517091
1.915,0.42043354011398293,0.4825370414923146
1.92,0.42080186197323793,0.48289028881680285
1.925,0.42116771926556523,0.4832406283889606
1.93,0.4215311350701748,0.4835880955601222
1.935,0.4218921328536752,0.4839327263952782
1.94,0.4222507087138263,0.48427455747742815
1.945,0.42260683071186644,0.48461362634730626
1.95,0.42296047548406085,0.48494995460299994
1.955,0.42331165720740416,0.48528354389076683
1.96,0.4236603932018545,0.48561439847354687
1.965,0.4240067031435345,0.4859425432066259
1.97,0.42435060840332745,0.48626800504923445
1.975,0.4246921317027179,0.4865908126659271
1.98,0.4250312968037808,0.48691099606702376
1.985,0.425368128231072,0.48722858628547105
1.99,0.42570265102326044,0.4875436150875972
1.995,0.4260348905124344,0.4878561147153528
2.0,0.4263648482513033,0.48816611783962127
2.005,0.42669251965663324,0.48847365764221273
2.01,0.4270179252473105,0.4887787279159662
2.015,0.42734108547712885,0.48908135796883345
2.02,0.42766202162181055,0.48938157494225976
2.025,0.4279807556639153,0.4896794066877026
2.03,0.428297310067392,0.4899748815345237
2.035,0.428611707577381,0.49026802808395714
2.04,0.42892394456271965,0.4905588752001595
2.045,0.4292340120865082,0.49084740781353897
2.05,0.4295419298964964,0.49113365351716187
2.055,0.42984771654369397,0.49141763675961064
2.06,0.43015139151778703,0.49169938269087743
2.065,0.4304529750091998,0.49197891694727824
2.07,0.4307524876966612,0.4922562654602514
2.075,0.43104995055847023,0.4925314542872836
2.08,0.4313453580095663,0.4928044873930109
2.085,0.43163869964697166,0.49307536443909633
2.09,0.4319299942439865,0.49334410893746655
2.095,0.432219259274767,0.4936107432722475
2.1,0.4325065131154159,0.49387529047067963
2.105,0.4327917748191,0.4941377740076421
2.11,0.4330750639152158,0.49439821763183506
2.115,0.43335640023090044,0.49465664521203256
2.12,0.43363577769708594,0.4949130590475437
2.125,0.43391318576662485,0.4951674574702518
2.13,0.43418864251443806,0.4954198622860265
2.135,0.43446216467610527,0.4956702941284274
2.14,0.434733769841483,0.4959187742410967
2.145,0.43500347624224656,0.49616532429652094
2.15,0.4352713025621378,0.49640996623475825
2.155,0.4355372677683086,0.49665272212067607
2.16,0.43580136603939873,0.4968935936320939
2.165,0.43606358736062617,0.4971325787781211
2.17,0.4363239491845985,0.49736969783585167
2.175,0.436582467644998,0.4976049699604129
2.18,0.43683915967711273,0.49783841488641084
2.185,0.4370940428174555,0.4980700527587382
2.19,0.4373471350248102,0.4982999039819289
2.195,0.4375984545211839,0.4985279890867079
2.2,0.43784799591254864,0.4987543127875991
2.205,0.43809575003417484,0.4989788637063053
2.21,0.4383417340055188,0.4992016353151613
2.215,0.43858596382858356,0.49942264214496074
2.22,0.43882845618845606,0.4996419001835183
2.225,0.4390692282710427,0.4998594266169846
2.23,0.43930829760041135,0.50007523959586
2.235,0.4395456818943724,0.5002893580240642
2.24,0.43978137599669187,0.500501801497125
2.245,0.44001537069928,0.5007125903329674
2.25,0.4402476819281348,0.50092174517754
2.255,0.44047832441627893,0.50112928666438
2.26,0.44070731374967176,0.5013352222483821
2.265,0.44093466636767087,0.5015395556618664
2.27,0.4411603991780871,0.5017423039087449
2.275,0.4413845292242852,0.5019434836961307
2.28,0.4416070521496382,0.5021431123602411
2.285,0.4418279597773997,0.5023412079035922
2.29,0.44204726741584716,0.5025377886315753
2.295,0.4422649892621521,0.5027328728389937
2.3,0.44248114031141317,0.5029264642336243
2.305,0.44269573635842197,0.5031185631057075
2.31,0.4429087936347265,0.5033091849971016
2.315,0.4431203284946059,0.5034983448925775
2.32,0.4433303372314356,0.5036860583842203
2.325,0.44353881253835686,0.5038723417084915
2.33,0.44374576910253144,0.5040572114062357
2.335,0.4439512205704502,0.5042406840293808
2.34,0.4441551813334403,0.5044227615124878
2.345,0.4443576665287265,0.5046034426536228
2.35,0.444558691699009,0.5047827417888049
2.355,0.44475827249783395,0.5049606726182556
2.36,0.4449564057249646,0.5051372494286486
2.365,0.44515308478713317,0.5053124871284032
2.37,0.4453483237472335,0.5054864009281179
2.375,0.44554213568728696,0.5056590060648103
2.38,0.4457345343277345,0.505830306166084
2.385,0.44592553421450826,0.5060002926856327
2.39,0.44611515040321564,0.5061689603805795
2.395,0.4463033981686871,0.5063363193219811
2.4,0.4464902748032478,0.5065023808349575
2.405,0.4466757743596487,0.5066671574561967
2.41,0.446859910514094,0.506830662562626
2.415,0.4470426959548374,0.5069929100465588
2.42,0.44722414389610354,0.5071539142105591
2.425,0.44740426793930105,0.507313689641859
2.43,0.44758308194918434,0.5074722511005229
2.435,0.44776059994389666,0.5076296134203698
2.44,0.4479368192351464,0.5077857835697241
2.445,0.44811173449299563,0.5079407592720874
2.45,0.4482853589559764,0.5080945398605463
2.455,0.44845770502201454,0.5082471347836998
2.46,0.44862878553477525,0.5083985545134891
2.465,0.4487986136580925,0.5085488103638333
2.47,0.4489672027639534,0.5086979143266024
2.475,0.44913456633309545,0.5088458789237744
2.48,0.4493007018178392,0.5089927171633425
2.485,0.44946560383604506,0.5091384425597193
2.49,0.4496292845846797,0.5092830688589012
2.495,0.4497917553935385,0.5094266098012208
2.5,0.4499530281633744,0.5095690705827233
2.505,0.4501131153683536,0.5097104537522062
2.51,0.4502720297870853,0.5098507702867272
2.515,0.45042978427015806,0.509990031060627
2.52,0.45058637675858343,0.5101282473988071
2.525,0.45074180252166685,0.5102654311015317
2.53,0.4508960731526037,0.5104015941911748
2.535,0.45104919944946464,0.5105367486937534
2.54,0.45120119274622283,0.5106708966821872
2.545,0.45135206491600677,0.5108040378225528
2.55,0.4515018281175056,0.5109361821457364
2.555,0.45165049457564566,0.5110673393442126
2.56,0.45179806258156374,0.5111975195500451
2.565,0.45194452790919953,0.5113267333593683
2.57,0.4520899015703104,0.5114549915952448
2.575,0.4522341938387944,0.5115823051030374
2.58,0.4523774154901746,0.511708674574257
2.585,0.45251957780421986,0.5118340985023746
2.59,0.4526606923271005,0.5119585861799472
2.595,0.45280077066561375,0.5120821464824105
2.6,0.45293981135108935,0.5122047887111868
2.605,0.4530778105436731,0.5123265226167812
2.61,0.45321477869292043,0.5124473581757113
2.615,0.453350725556688,0.512567305397952
2.62,0.4534856613222977,0.5126863661706225
2.625,0.453619596739987,0.5128045338479825
2.63,0.4537525429022461,0.5129218041046452
2.635,0.45388451104085487,0.5130381833588787
2.64,0.4540154999240888,0.5131536789243406
2.645,0.45414550605752874,0.5132682989783814
2.65,0.4542745395145584,0.5133820523023435
2.655,0.4544026096742772,0.5134949480542831
2.66,0.45452972626850907,0.5136069956943261
2.665,0.45465589928581146,0.5137182048959813
2.67,0.4547811388858454,0.5138285854671328
2.675,0.4549054553233652,0.5139381472800147
2.68,0.45502884728378373,0.5140468946675153
2.685,0.4551513116113647,0.5141548254542244
2.69,0.4552728579840233,0.5142619386154821
2.695,0.45539349549085256,0.5143682402788624
2.7,0.45551323351929807,0.5144737373041492
2.705,0.4556320816683756,0.5145784371553102
2.71,0.4557500496712753,0.5146823477846884
2.715,0.4558671473267003,0.5147854775286005
2.72,0.45598337333683164,0.5148878350750637
2.725,0.45609872442725,0.5149894294764109
2.73,0.45621320946900357,0.5150902699572755
2.735,0.4563268367270237,0.515190365748787
2.74,0.4564396148546863,0.5152897200406059
2.745,0.4565515528971696,0.5153883341676815
2.75,0.4566626601033687,0.5154862154516592
2.755,0.4567729457633868,0.5155833711467391
2.76,0.45688240885448744,0.5156798088324213
2.765,0.45699104649208416,0.5157755364292678
2.77,0.45709886706062586,0.5158705620220039
2.775,0.4572058783904377,0.5159648937068713
2.78,0.4573120886772533,0.5160585325357607
2.785,0.4574175064860732,0.516151477873504
2.79,0.4575221405737993,0.5162437364451631
2.795,0.4576259997358817,0.5163353147398437
2.8,0.45772908313798066,0.5164262195628823
2.805,0.45783138819261987,0.5165164580514521
2.81,0.45793292282342823,0.5166060375089423
2.815,0.4580336944413371,0.5166949652620062
2.82,0.45813371079999327,0.5167832414434663
2.825,0.4582329799991006,0.5168708646447877
2.83,0.45833151031805525,0.5169578411304582
2.835,0.45842931007204785,0.5170441768714753
2.84,0.45852637854650796,0.5171298781442902
2.845,0.45862271337624655,0.5172149515455232
2.85,0.45871832204613033,0.5172994038361919
2.855,0.45881321156175314,0.5173832418072154
2.86,0.4589073892218352,0.5174664664881391
2.865,0.45900086271374535,0.5175490728722617
2.87,0.4590936399591656,0.5176310576159855
2.875,0.4591857289720987,0.5177124250129413
2.88,0.459277129162553,0.5177931799919883
2.885,0.45936783836579703,0.5178733280933725
2.89,0.45945786376634273,0.5179528752870468
2.895,0.4595472120682921,0.5180318278136269
2.9,0.45963589021590545,0.5181101921312846
2.905,0.4597239053272269,0.5181879748530499
2.91,0.45981126463487854,0.5182651826909505
2.915,0.4598979754335121,0.5183418224064961
2.92,0.4599840370378489,0.5184178968169169
2.925,0.46006944748439604,0.5184934041256024
2.93,0.4601542136497933,0.5185683433731217
2.935,0.4602383420051329,0.5186427187067993
2.94,0.4603218392243487,0.5187165347938297
2.945,0.46040471212424594,0.5187897967308466
2.95,0.46048696761102187,0.5188625099621227
2.955,0.4605686126328251,0.5189346802058264
2.96,0.4606496464840274,0.519006313430407
2.965,0.46073006708437225,0.5190774158622108
2.97,0.46080988071771245,0.5191479938514098
2.975,0.4608890932504064,0.5192180537562107
2.98,0.46096771081606064,0.5192875976311327
2.985,0.4610457398190495,0.5193566262278527
2.99,0.4611231868029223,0.5194251445811727
2.995,0.4612000583367264,0.5194931576745542
3.0,0.46127635388051863,0.5195606707225489
3.005,0.4613520715997433,0.5196276891807319
3.01,0.4614272174157634,0.5196942186222234
3.015,0.46150179686921217,0.5197602646311222
3.02,0.4615758157525166,0.5198258277809037
3.025,0.4616492801136727,0.5198909074602239
3.03,0.4617221961321576,0.5199555083081534
3.035,0.4617945700116607,0.5200196347930423
3.04,0.46186640132013645,0.5200832916074167
3.045,0.4619376884066348,0.5201464836779013
3.05,0.46200843685201975,0.5202092160496277
3.055,0.4620786518855771,0.5202714937864518
3.06,0.46214833897308155,0.5203333168384052
3.065,0.4622175038201133,0.5203946840732296
3.07,0.46228615225567643,0.5204555998260587
3.075,0.46235429013155166,0.5205160682205017
3.08,0.4624219170780971,0.520576093596292
3.085,0.4624890315780843,0.5206356805186764
3.09,0.46255563889066903,0.5206948336697073
3.095,0.46262174394680206,0.5207535577543696
3.1,0.46268735187959276,0.5208118533823771
3.105,0.4627524680924625,0.5208697168887113
3.11,0.4628170981512084,0.5209271458023862
3.115,0.46288124768466504,0.5209841430884283
3.12,0.46294491639155305,0.521040712159678
3.125,0.4630081028755493,0.5210968568590998
3.13,0.46307081217437623,0.5211525813327625
3.135,0.4631330489964777,0.5212078899186232
3.14,0.4631948182156927,0.5212627871088726
3.145,0.4632561248252906,0.5213172775057201
3.15,0.4633169738969683,0.5213713657820012
3.155,0.463377370544457,0.5214250566462638
3.16,0.46343731438224284,0.5214783519975033
3.165,0.46349680413768723,0.5215312504651
3.17,0.46355584462400873,0.5215837512862861
3.175,0.4636144403775165,0.5216358573418218
3.18,0.46367259607413097,0.5216875718790549
3.185,0.4637303164878617,0.521738898448198
3.19,0.4637876064537777,0.5217898408446915
3.195,0.4638444708351581,0.5218404030572477
3.2,0.46390090921722016,0.5218905892507598
3.205,0.4639569202293066,0.5219404037709515
3.21,0.46401250826155477,0.521989851050797
3.215,0.4640676774183488,0.5220389355296923
3.22,0.46412243198941366,0.5220876585859262
3.225,0.46417677645292227,0.5221360206829192
3.23,0.46423071538345323,0.5221840253404004
3.235,0.46428425337248924,0.5222316760378026
3.24,0.46433739010879144,0.5222789764170513
3.245,0.46439012438078126,0.522325930288921
3.25,0.46444246031928915,0.5223725415468679
3.255,0.4644944017948283,0.5224188140926566
3.26,0.46454595285272693,0.522464748272055
3.265,0.464597117716342,0.5225103435992008
3.27,0.464647900700274,0.5225556033219708
3.275,0.46469830613535035,0.52260053056401
3.28,0.4647483337748817,0.5226451286064326
3.285,0.46479798252436344,0.5226894008942418
3.29,0.4648472562721945,0.5227333509556682
3.295,0.46489615866650064,0.5227769823325367
3.3,0.46494469351975626,0.5228202949417098
3.305,0.46499286481160657,0.5228632879406736
3.31,0.46504067660748155,0.5229059643687286
3.315,0.4650881329882171,0.5229483271124802
3.32,0.465135233741132,0.5229903792102015
3.325,0.4651819778551968,0.5230321238579428
3.33,0.4652283689907427,0.523073564333673
3.335,0.4652744105837874,0.5231147039317698
3.34,0.4653201062247534,0.5231555424432739
3.345,0.4653654596608948,0.5231960789573298
3.35,0.4654104747199832,0.5232363163436851
3.355,0.465455155244303,0.52327625731609
3.36,0.4654995010378748,0.5233159047325671
3.365,0.4655435111531204,0.5233552616011736
3.37,0.4655871890354423,0.5233943310086037
3.375,0.46563053791938736,0.5234331160585164
3.38,0.4656735611715528,0.523471617109846
3.385,0.46571626233570707,0.5235098316770953
3.39,0.46575864506196274,0.5235477580897631
3.395,0.46580071304157467,0.5235853983290686
3.4,0.4658424661095308,0.5236227546714317
3.405,0.46588390338364044,0.5236598296764539
3.41,0.4659250281614046,0.5236966261034499
3.415,0.4659658435278126,0.523733146838356
3.42,0.4660063526759217,0.5237693948687784
3.425,0.4660465588768153,0.5238053732547829
3.43,0.4660864654528037,0.5238410851028719
3.435,0.4661260757536371,0.5238765335429166
3.44,0.466165389551116,0.5239117198389774
3.445,0.46620440603667757,0.523946643089874
3.45,0.4662431283588937,0.5239813028015468
3.455,0.4662815594879065,0.5240157009004641
3.46,0.4663197024851007,0.5240498395545706
3.465,0.46635756047596905,0.5240837211312154
3.47,0.4663951366259125,0.5241173481591005
3.475,0.4664324341187709,0.5241507232939815
3.48,0.46646945270226325,0.5241838493072117
3.485,0.46650619149800593,0.5242167290885388
3.49,0.46654265337517054,0.5242493655846591
3.495,0.46657884101841457,0.5242817617461438
3.5,0.4666147572339776,0.5243139184929886
3.505,0.46665040495198273,0.5243458361412863
3.51,0.46668578716590325,0.5243775170361572
3.515,0.46672090688027956,0.5244089634943373
3.52,0.4667557639076027,0.5244401779391663
3.525,0.466790357470487,0.5244711629045397
3.53,0.4668246902672332,0.5245019209783269
3.535,0.4668587648282052,0.5245324547535339
3.54,0.46689258379854165,0.5245627644658796
3.545,0.46692614994050025,0.5245928498021711
3.55,0.4669594660763707,0.5246227129255323
3.555,0.46699253503913274,0.5246523559153154
3.56,0.46702535668070627,0.5246817809542103
3.565,0.467057930297372,0.5247109903322643
3.57,0.46709025842804525,0.5247399863939091
3.575,0.4671223434567,0.5247687714922267
3.58,0.46715418787529234,0.524797345577867
3.585,0.4671857942858182,0.5248257081003476
3.59,0.4672171653467719,0.524853861082899
3.595,0.4672483037268475,0.5248818064462526
3.6,0.4672792092973991,0.5249095462106929
3.605,0.46730988140638324,0.5249370824999
3.61,0.46734032244308066,0.5249644174911205
3.615,0.4673705346520953,0.5249915533721345
3.62,0.46740052037954566,0.525018490009333
3.625,0.4674302820748343,0.5250452268060086
3.63,0.46745982224043925,0.5250717656715426
3.635,0.4674891433884883,0.5250981084107392
3.64,0.467518245398523,0.5251242569231135
3.645,0.4675471276571705,0.5251502132065297
3.65,0.46757579241296093,0.5251759793102928
3.655,0.4676042417783362,0.5252015572946299
3.66,0.46763247795258095,0.5252269474011446
3.665,0.467660503251733,0.5252521479898425
3.67,0.46768832006198435,0.5252771579622388
3.675,0.46771593079677604,0.5253019786394474
3.68,0.46774333535350515,0.5253266115368502
3.685,0.4677705331590404,0.5253510583560278
3.69,0.4677975263655502,0.5253753209298659
3.695,0.46782431698772414,0.5253994011744855
3.7,0.46785090711133953,0.5254233010727515
3.705,0.46787729887356594,0.5254470226550062
3.71,0.4679034944453943,0.525470567981905
3.715,0.46792949601603784,0.5254939391292042
3.72,0.46795530343894814,0.5255171369356261
3.725,0.4679809161870068,0.5255401608075173
3.73,0.4680063363154363,0.5255630104227172
3.735,0.46803156576416843,0.5255856870639322
3.74,0.4680566065331809,0.5256081921728009
3.745,0.46808146066470396,0.5256305273221485
3.75,0.46810613022734876,0.5256526941908924
3.755,0.46813061730202565,0.5256746945414245
3.76,0.46815492172441403,0.5256965302119954
3.765,0.4681790429192095,0.5257182031184603
3.77,0.46820298275873296,0.5257397152138847
3.775,0.4682267429957195,0.5257610684536533
3.78,0.4682503254629936,0.5257822634483054
3.785,0.46827373207507206,0.525803300410204
3.79,0.4682969647883262,0.5258241808965263
3.795,0.4683200255665751,0.5258449064446769
3.8,0.4683429142866676,0.525865478662015
3.805,0.4683656304381503,0.5258858992283794
3.81,0.46838817578205666,0.5259061698588886
3.815,0.46841055197050946,0.5259262922718351
3.82,0.468432760731261,0.5259462666260368
3.825,0.4684548038693078,0.5259660927184906
3.83,0.4684766832293219,0.5259857719850738
3.835,0.46849840066317694,0.5260053058054674
3.84,0.4685199560725074,0.5260246956271766
3.845,0.4685413489940386,0.5260439429681137
3.85,0.4685625810851039,0.5260630493817694
3.855,0.4685836539024612,0.5260820164271425
3.86,0.4686045690740396,0.5261008440749415
3.865,0.4686253283003514,0.5261195319656286
3.87,0.4686459333192572,0.5261380814416854
3.875,0.4686663858754954,0.5261564937771671
3.88,0.46868668619379505,0.5261747703052648
3.885,0.4687068329533344,0.5261929124412493
3.89,0.46872682529882,0.5262109216500911
3.895,0.4687466643971281,0.5262287994166207
3.9,0.46876635156460555,0.526246545666172
3.905,0.46878588825926387,0.5262641600143008
3.91,0.46880527603932093,0.5262816437533827
3.915,0.46882451652683543,0.526298998099575
3.92,0.46884361139431235,0.5263162243176721
3.925,0.4688625623494447,0.5263333237081932
3.93,0.46888137112150774,0.5263502975958739
3.935,0.4689000394492911,0.5263671473194642
3.94,0.46891856778856567,0.5263838730177324
3.945,0.468936956296077,0.5264004736074384
3.95,0.4689552064730183,0.526416948378306
3.955,0.46897331978978396,0.5264332982274323
3.96,0.4689912977572049,0.5264495241671376
3.965,0.46900914191338255,0.5264656273052073
3.97,0.4690268538119695,0.5264816088270107
3.975,0.46904443501179505,0.5264974699793696
3.98,0.4690618834223474,0.5265132120756791
3.985,0.4690791962447777,0.5265288365359492
3.99,0.4690963741478949,0.5265443448068563
3.995,0.4691134180062632,0.526559738331992
4.0,0.4691303288789526,0.5265750174890884
4.005,0.46914710799595344,0.5265901823688682
4.01,0.46916375671604954,0.526605234140495
4.015,0.4691802764896295,0.526620173940785
4.02,0.4691966688418829,0.5266350029434174
4.025,0.4692129353548172,0.5266497223478811
4.03,0.46922907765112354,0.5266643333696455
4.035,0.4692450973797635,0.5266788372314659
4.04,0.46926099621163647,0.5266932339976544
4.045,0.46927677584151617,0.5267075234759737
4.05,0.469292436739339,0.5267217067220639
4.055,0.4693079801954605,0.5267357847681097
4.06,0.46932340751429935,0.5267497586763469
4.065,0.46933872003859706,0.5267636295354277
4.07,0.46935391913683233,0.5267773984512343
4.075,0.46936900619203786,0.5267910665387394
4.08,0.4693839818480574,0.5268046337789382
4.085,0.4693988458518158,0.526818099948819
4.09,0.46941359808974903,0.5268314660641387
4.095,0.46942823940221023,0.5268447330955143
4.1,0.4694427707347611,0.526857902045813
4.105,0.4694571931195827,0.5268709739408026
4.11,0.46947150765866524,0.5268839498208202
4.115,0.4694857155086571,0.526896830733386
4.12,0.4694998178747011,0.5269096166123158
4.125,0.4695138160099277,0.5269223071716013
4.13,0.46952771119043496,0.5269349033288445
4.135,0.4695415046936549,0.526947405950397
4.14,0.46955519591901185,0.5269598159564777
4.145,0.4695687859772079,0.526972134313792
4.15,0.4695822758790878,0.5269843619983935
4.155,0.46959566667495667,0.5269964999944292
4.16,0.469608959446385,0.5270085484289442
4.165,0.4696221553207521,0.5270205065394291
4.17,0.46963525544946044,0.5270323738173746
4.175,0.4696482588119123,0.5270441509101352
4.18,0.4696611664975956,0.5270558385684188
4.185,0.4696739794401789,0.5270674376046993
4.19,0.4696866986090361,0.5270789488860022
4.195,0.46969932499919437,0.5270903733224331
4.2,0.46971185962238216,0.527101711856863
4.205,0.46972430349909855,0.527112965455692
4.21,0.4697366565336268,0.5271241351073387
4.215,0.4697489184111976,0.5271352218254683
4.22,0.46976109002787003,0.5271462260427123
4.225,0.46977317225237814,0.527157147493415
4.23,0.46978516600345505,0.5271679860289424
4.235,0.46979707222884215,0.5271787422550909
4.24,0.46980889188813485,0.5271894168544228
4.245,0.46982062594589763,0.5272000105729678
4.25,0.46983227258286936,0.5272105242214948
4.255,0.469843829536963,0.5272209587006593
4.26,0.4698552972266922,0.5272313149449518
4.265,0.46986667621014694,0.5272415939007435
4.27,0.4698779671645119,0.5272517965195304
4.275,0.46988917086739407,0.5272619237519668
4.28,0.46990028818582663,0.5272719758740563
4.285,0.4699113200702016,0.5272819529690191
4.29,0.46992226752892163,0.5272918557951718
4.295,0.469933131606182,0.5273016850950416
4.3,0.46994391337323055,0.5273114416365413
4.305,0.46995461391867477,0.527321126205489
4.31,0.46996523433986964,0.5273307395989577
4.315,0.46997577573530785,0.527340282619397
4.32,0.46998623836341313,0.527349754580749
4.325,0.4699966230797573,0.5273591562572725
4.33,0.4700069307421233,0.5273684883165521
4.335,0.4700171622340061,0.5273777514528217
4.34,0.47002731845614903,0.5273869463798158
4.345,0.47003740031902624,0.5273960738243986
4.35,0.4700474082178432,0.5274051345231648
4.355,0.47005734192636367,0.5274141284900241
4.36,0.47006720132812,0.5274230555935254
4.365,0.47007698697458333,0.5274319165031449
4.37,0.470086699486225,0.5274407118535269
4.375,0.47009633954186303,0.5274494423020055
4.38,0.470105907867344,0.527458108522212
4.385,0.4701154052253437,0.5274667111983782
4.39,0.47012483240621233,0.5274752510202877
4.395,0.4701341902247587,0.5274837279431088
4.4,0.4701434795207521,0.527492141775398
4.405,0.4701527011429953,0.5275004931192977
4.41,0.4701618546502978,0.5275087825552416
4.415,0.47017094078155514,0.5275170107015947
4.42,0.47017996020501157,0.5275251781889236
4.425,0.4701889136153864,0.52753328565852
4.43,0.4701978017264387,0.5275413337576078
4.435,0.4702066252662699,0.5275493225628846
4.44,0.4702153849877482,0.5275572515584359
4.445,0.4702240801789471,0.5275651204079743
4.45,0.470232711567878,0.5275729295469811
4.455,0.4702412797756214,0.527580679462092
4.46,0.4702497854468958,0.5275883706853717
4.465,0.4702582292433421,0.5275960037857809
4.47,0.4702666118375451,0.5276035793614757
4.475,0.47027493390773817,0.5276110980328873
4.48,0.47028319423946985,0.5276185604460506
4.485,0.47029139129113534,0.5276259672928492
4.49,0.47029952533756464,0.5276333192729264
4.495,0.470307596759443,0.5276406165804867
4.5,0.47031560603516703,0.5276478592707292
4.505,0.47032355371911044,0.5276550479067048
4.51,0.4703314404223733,0.5276621830362559
4.515,0.47033926680342636,0.5276692652243282
4.52,0.4703470335582874,0.5276762950477195
4.525,0.47035474141167705,0.5276832730904107
4.53,0.4703623911090886,0.5276901999394379
4.535,0.47036998341829056,0.5276970747997956
4.54,0.4703775191462305,0.5277038965900731
4.545,0.47038499888162516,0.5277106655401599
4.55,0.47039242284026006,0.5277173819795183
4.555,0.4703997912111415,0.5277240463172631
4.56,0.4704071044365915,0.5277306590238171
4.565,0.47041436300976597,0.5277372206154023
4.57,0.47042156746530983,0.527743731645411
4.575,0.4704287183709175,0.5277501926966093
4.58,0.4704358163197395,0.5277566043741186
4.585,0.47044286192357804,0.5277629672991211
4.59,0.470449855806816,0.5277692821032427
4.595,0.4704567986010281,0.5277755494235634
4.6,0.47046369060023024,0.5277817698997783
4.605,0.47047053168328473,0.5277879437494343
4.61,0.47047732179360463,0.5277940714662456
4.615,0.47048406130217496,0.5278001535601422
4.62,0.4704907506297536,0.5278061905544418
4.625,0.47049739023809917,0.5278121829811364
4.63,0.47050398062204235,0.5278181313767111
4.635,0.47051052230234375,0.5278240362784533
4.64,0.470517015826962,0.5278298974571481
4.645,0.47052346176633897,0.52783571536806
4.65,0.4705298606947048,0.5278414904297314
4.655,0.47053621318855454,0.5278472230777904
4.66,0.47054251893386345,0.527852913767885
4.665,0.47054877843108034,0.5278585629725269
4.67,0.47055499213296953,0.5278641711639279
4.675,0.4705611605183152,0.5278697377388002
4.68,0.4705672841058534,0.5278752618495597
4.685,0.4705733634249142,0.5278807436605003
4.69,0.4705793990042772,0.527886183405178
4.695,0.4705853903121977,0.52789158138358
4.7,0.47059133784976076,0.52789693795397
4.705,0.4705972420392405,0.5279022535118566
4.71,0.47060310331921823,0.527907528485252
4.715,0.4706089221399473,0.5279127633280548
4.72,0.4706146989592287,0.5279179585140952
4.725,0.4706204342387589,0.5279231145317941
4.73,0.4706261273603634,0.5279282318861518
4.735,0.470631778787015,0.527933311095443
4.74,0.4706373888980255,0.5279383526755188
4.745,0.47064295809760925,0.5279433567793996
4.75,0.47064848681110627,0.5279483237837796
4.755,0.470653975469165,0.5279532540767903
4.76,0.4706594245066865,0.5279581480603607
4.765,0.47066483384575186,0.5279630061490097
4.77,0.47067020331349974,0.527967828770781
4.775,0.47067553329701894,0.5279726163583333
4.78,0.47068082416398666,0.5279773687186446
4.785,0.47068607630583165,0.527982086215442
4.79,0.4706912901223725,0.5279867691827942
4.795,0.4706964660204938,0.5279914179687137
4.8,0.4707016044109651,0.5279960329313195
4.805,0.47070670521584124,0.5280006144381965
4.81,0.47071176826848027,0.5280051628677237
4.815,0.47071679394301075,0.5280096778813945
4.82,0.47072178259506786,0.5280141598292489
4.825,0.47072673459213515,0.5280186090141993
4.83,0.47073165031187947,0.5280230257529548
4.835,0.4707365301387796,0.5280274103724271
4.84,0.47074137446113434,0.5280317632065302
4.845,0.47074618320702866,0.528036084595937
4.85,0.4707509562244548,0.5280403745231657
4.855,0.4707556938725607,0.5280446328968567
4.86,0.4707603964883009,0.5280488600166505
4.865,0.4707650644208261,0.5280530561665553
4.87,0.47076969802884416,0.5280572216431729
4.875,0.470774297677457,0.5280613567524162
4.88,0.47077886373535294,0.528065461806586
4.885,0.47078339613952147,0.5280695371242071
4.89,0.4707878947520238,0.5280735826710198
4.895,0.47079235991454027,0.5280775983444238
4.9,0.47079679194783347,0.5280815844299235
4.905,0.4708011911840627,0.5280855411959858
4.91,0.47080555796430473,0.5280894689228518
4.915,0.4708098926355863,0.5280933678994881
4.92,0.4708141955482505,0.5280972384208725
4.925,0.4708184666484849,0.5281010807878583
4.93,0.4708227058122066,0.5281048949654596
4.935,0.47082691336417526,0.5281086808552854
4.94,0.47083108960954034,0.5281124387296411
4.945,0.47083523486408263,0.5281161688440604
4.95,0.47083934945188516,0.5281198714650935
4.955,0.47084343370254983,0.5281235468674604
4.96,0.47084748794872766,0.5281271953315164
4.965,0.47085151214476223,0.5281308171431328
4.97,0.4708555061777793,0.5281344123281496
4.975,0.470859470357608,0.5281379806416374
4.98,0.47086340497862095,0.5281415219183818
4.985,0.4708673103477038,0.5281450363478539
4.99,0.4708711867783935,0.5281485241447612
4.995,0.47087503458837404,0.5281519855447327
5.0,0.4708788540972557,0.5281554208004144
5.005,0.4708826452630631,0.5281588301799532
5.01,0.4708864079792087,0.5281622139669783
5.015,0.4708901425344542,0.5281655724539471
5.02,0.470893849197699,0.5281689059363758
5.025,0.4708975282484872,0.5281722147114281
5.03,0.4709011799761173,0.5281754988541726
5.035,0.4709048046801311,0.5281787583795821
5.04,0.47090840266441,0.5281819935298302
5.045,0.4709119738964369,0.5281852045441934
5.05,0.47091551828288747,0.5281883916760436
5.055,0.4709190360968439,0.5281915551867367
5.06,0.47092252759322556,0.5281946953403189
5.065,0.47092599303693233,0.5281978124023107
5.07,0.4709294327020213,0.5282009063922392
5.075,0.4709328468721919,0.5282039772744649
5.08,0.47093623583522437,0.5282070252737291
5.085,0.47093959956569187,0.5282100506072419
5.09,0.4709429379809708,0.5282130535056248
5.095,0.4709462513391191,0.5282160342072051
5.1,0.470949539881483,0.528218992953077
5.105,0.47095280385876626,0.5282219299859814
5.11,0.47095604353024845,0.5282248453019588
5.115,0.47095925916423315,0.5282277388464214
5.12,0.47096245103283574,0.5282306108298667
5.125,0.47096561911546936,0.5282334614537076
5.13,0.47096876333772497,0.528236290932131
5.135,0.4709718839432685,0.5282390994867452
5.14,0.4709749811602616,0.5282418873419422
5.145,0.47097805522564107,0.5282446547238518
5.15,0.4709811063843753,0.5282474016217537
5.155,0.47098413488987173,0.5282501279780368
5.16,0.47098714099909444,0.5282528339911429
5.165,0.4709901246946597,0.5282555198503065
5.17,0.4709930859085254,0.5282581857568536
5.175,0.470996024870595,0.5282608319191705
5.18,0.47099894179629576,0.5282634585483448
5.185,0.471001836909289,0.5282660658571822
5.19,0.47100471043989023,0.5282686538735187
5.195,0.47100756262832166,0.5282712224339989
5.2,0.4710103937201861,0.5282737714305088
5.205,0.47101320370330796,0.5282763010026309
5.21,0.4710159925170896,0.528278811311982
5.215,0.4710187603823921,0.5282813025363092
5.22,0.4710215075056296,0.5282837748643022
5.225,0.47102423410038924,0.5282862284936656
5.23,0.47102694038542275,0.5282886636289217
5.235,0.4710296265828549,0.528291080479444
5.24,0.4710322929165938,0.5282934792577059
5.245,0.47103493936774254,0.5282958601791111
5.25,0.4710375658735012,0.5282982233355423
5.255,0.4710401726416289,0.5283005686708451
5.26,0.4710427598700951,0.5283028961542963
5.265,0.4710453277648287,0.5283052059188386
5.27,0.4710478765359141,0.528307498113583
5.275,0.4710504063959803,0.5283097729009834
5.28,0.47105291755877254,0.528312030454282
5.285,0.4710554100063608,0.5283142709565093
5.29,0.4710578836785756,0.5283164946004593
5.295,0.47106033876775566,0.528318701584355
5.3,0.47106277545371267,0.5283208921080923
5.305,0.47106519392310436,0.5283230663723181
5.31,0.471067594368878,0.5283252244416206
5.315,0.47106997699061703,0.5283273663402434
5.32,0.47107234199067227,0.528329492228502
5.325,0.47107468935585717,0.5283316022659921
5.33,0.4710770190331709,0.5283336966213549
5.335,0.4710793312036204,0.5283357754682927
5.34,0.47108162603682807,0.5283378389821162
5.345,0.4710839037088785,0.5283398873389502
5.35,0.47108616440179724,0.5283419205571344
5.355,0.4710884083038876,0.5283439386183579
5.36,0.47109063560608283,0.5283459416701681
5.365,0.4710928462981604,0.5283479298556345
5.37,0.4710950403323866,0.5283499033265486
5.375,0.47109721787917014,0.5283518622396933
5.38,0.4710993790984368,0.5283538067536134
5.385,0.4711015241562001,0.5283557370278831
5.39,0.47110365322406184,0.5283576530614156
5.395,0.47110576647951763,0.5283595548196798
5.4,0.47110786410253674,0.5283614424403568
5.405,0.47110994611635404,0.5283633160547164
5.41,0.47111201238538314,0.5283651758038587
5.415,0.47111406282187845,0.5283670218352469
5.42,0.47111609754588785,0.5283688542995111
5.425,0.4711181166916522,0.5283706733478578
5.43,0.4711201204061999,0.5283724789732911
5.435,0.47112210884876626,0.5283742711374951
5.44,0.4711240821867876,0.5283760499724863
5.445,0.4711260405923972,0.5283778156026088
5.45,0.471127984241241,0.5283795681572067
5.455,0.47112991331109133,0.5283813077693058
5.46,0.47113182798061787,0.528383034574439
5.465,0.471133728295884,0.5283847487106089
5.47,0.4711356142687523,0.5283864501961395
5.475,0.4711374860513994,0.5283881389238266
5.48,0.4711393437944515,0.5283898148224805
5.485,0.4711411876539626,0.5283914779837803
5.49,0.4711430177886484,0.5283931285111599
5.495,0.4711448343586971,0.5283947665177965
5.5,0.47114663752471675,0.528396392124789
5.505,0.47114842707290056,0.528398005461527
5.51,0.4711502027167141,0.528399606669652
5.515,0.4711519645252246,0.528401195894722
5.52,0.4711537125885242,0.5284027732830342
5.525,0.4711554470146405,0.5284043389807365
5.53,0.47115716792762724,0.528405893025722
5.535,0.4711588754664173,0.5284074354268941
5.54,0.4711605697807653,0.5284089663030094
5.545,0.47116225102767706,0.5284104857696181
5.55,0.471163919369896,0.5284119939461064
5.555,0.4711655749742566,0.5284134909545648
5.56,0.47116721801021444,0.5284149769187813
5.565,0.47116884864853886,0.5284164519633507
5.57,0.47117046706101834,0.5284179160964246
5.575,0.47117207329564814,0.5284193693020445
5.58,0.47117366748561507,0.5284208116898765
5.585,0.4711752497651919,0.5284222433640464
5.59,0.4711768202725011,0.5284236644324962
5.595,0.4711783791482322,0.5284250750059284
5.6,0.47117992653450175,0.5284264751968641
5.605,0.4711814624968625,0.5284278651191513
5.61,0.4711829870076206,0.528429244774296
5.615,0.47118450005481066,0.5284306141416338
5.62,0.47118600172540137,0.5284319733250685
5.625,0.47118749211678723,0.5284333224228314
5.63,0.4711889713351742,0.5284346615365405
5.635,0.471190439493863,0.52843599077024
5.64,0.4711918967117022,0.5284373102295427
5.645,0.47119334311169925,0.5284386200208708
5.65,0.4711947788205335,0.5284399201384077
5.655,0.47119620396863343,0.5284412105540622
5.66,0.4711976186877581,0.5284424913610498
5.665,0.47119902291613874,0.5284437626491905
5.67,0.47120041676815144,0.5284450245140534
5.675,0.4712018003477871,0.5284462770530474
5.68,0.47120317376302934,0.5284475203651987
5.685,0.47120453712472476,0.5284487545504246
5.69,0.47120589054586837,0.5284499796221905
5.695,0.4712072341431892,0.5284511955040349
5.7,0.4712085678126878,0.5284524021466306
5.705,0.47120989166672095,0.5284535996175538
5.71,0.4712112058016829,0.5284547879921538
5.715,0.47121251031754274,0.5284559673526836
5.72,0.47121380531682144,0.528457137787002
5.725,0.47121509090368213,0.5284582993874022
5.73,0.4712163671831239,0.5284594522495583
5.735,0.4712176341451255,0.528460596472272
5.74,0.47121889175716014,0.5284617321577125
5.745,0.47122014011116714,0.5284628594093528
5.75,0.47122137929387137,0.5284639782706608
5.755,0.47122260939830224,0.5284650887145561
5.76,0.47122383052158323,0.528466190725865
5.765,0.4712250427629011,0.528467284365974
5.77,0.47122624622185755,0.528468369704115
5.775,0.4712274407124287,0.5284694468173738
5.78,0.47122862600309634,0.5284705157931562
5.785,0.47122980213722615,0.5284715767233319
5.79,0.47123096917243645,0.5284726297018845
5.795,0.4712321271785029,0.5284736748241262
5.8,0.4712332762354492,0.5284747121860001
5.805,0.4712344164318107,0.5284757418834634
5.81,0.47123554786366767,0.5284767639440033
5.815,0.47123667063417085,0.5284777783756043
5.82,0.4712377848510978,0.5284787852549364
5.825,0.4712388906247196,0.5284797846571322
5.83,0.47123998806702816,0.5284807766599651
5.835,0.4712410772908588,0.5284817613430846
5.84,0.47124215840911515,0.5284827387873352
5.845,0.4712432314463138,0.5284837090754404
5.85,0.4712442964891269,0.5284846721388624
5.855,0.47124535362646824,0.5284856280555225
5.86,0.47124640294938475,0.5284865768929912
5.865,0.4712474445506365,0.5284875187216067
5.87,0.47124847852393076,0.5284884536137422
5.875,0.47124950490984335,0.5284893816433842
5.88,0.47125052368446635,0.5284903028875049
5.885,0.4712515348343817,0.5284912173485243
5.89,0.4712525384160019,0.528492125013152
5.895,0.4712535344936614,0.5284930259489219
5.9,0.47125452313743277,0.5284939202198947
5.905,0.47125550442216024,0.5284948078925114
5.91,0.47125647842641805,0.5284956890349349
5.915,0.4712574452315759,0.528496563716465
5.92,0.4712584049209632,0.5284974320070177
5.925,0.4712593575796306,0.5284982939024622
5.93,0.47126030329448254,0.5284991493837927
5.935,0.47126124202108866,0.5284999985131082
5.94,0.47126217383559427,0.5285008413505681
5.945,0.47126309880687783,0.5285016779582469
5.95,0.47126401700648846,0.5285025083999151
5.955,0.47126492850788804,0.528503332740484
5.96,0.4712658333857762,0.5285041510455141
5.965,0.4712667317156878,0.5285049633229517
5.97,0.4712676234242463,0.5285057695218243
5.975,0.4712685085859874,0.5285065696094258
5.98,0.47126938726516265,0.52850736362919
5.985,0.471270259528381,0.5285081516301801
5.99,0.4712711254439259,0.528508933666125
5.995,0.47127198508114876,0.5285097097945478
6.0,0.47127283850993035,0.5285104800759796
6.005,0.4712736856054796,0.5285112445742293
6.01,0.4712745262094589,0.5285120033583938
6.015,0.4712753603503238,0.5285127564988893
6.02,0.47127618806691285,0.5285135040659786
6.025,0.47127700940736483,0.5285142460782258
6.03,0.4712778244284149,0.5285149825401569
6.035,0.4712786331933017,0.5285157135085107
6.04,0.4712794357699188,0.528516439038497
6.045,0.47128023222996585,0.5285171591871278
6.05,0.47128102264804583,0.5285178740126774
6.055,0.4712818071008556,0.5285185835742024
6.06,0.4712825856664625,0.5285192879311178
6.065,0.47128335842407687,0.5285199870864593
6.07,0.4712841254325823,0.5285206810309019
6.075,0.4712848867143514,0.5285213698165532
6.08,0.47128564228856656,0.5285220534942267
6.085,0.47128639219897656,0.5285227321168839
6.09,0.47128713649481757,0.5285234057385465
6.095,0.47128787522982724,0.5285240744138712
6.1,0.4712886084613551,0.5285247381977756
6.105,0.47128933624994884,0.5285253970881298
6.11,0.4712900586592427,0.5285260510712078
6.115,0.47129077575457673,0.5285267001945428
6.12,0.47129148760179757,0.5285273445030718
6.125,0.4712921942331461,0.5285279840437904
6.13,0.4712928956381821,0.528528618866617
6.135,0.4712935918115467,0.5285292490232243
6.14,0.4712942827906523,0.5285298745659671
6.145,0.4712949686185032,0.5285304954924449
6.15,0.4712956493433495,0.5285311117893617
6.155,0.4712963250171683,0.5285317235022453
6.16,0.47129699569433187,0.5285323306739393
6.165,0.4712976614310893,0.5285329333489898
6.17,0.4712983222849893,0.5285335315731949
6.175,0.4712989783143668,0.5285341253932054
6.18,0.4712996295778894,0.5285347148561683
6.185,0.47130027604376484,0.5285352999680857
6.19,0.47130091776444716,0.5285358806924174
6.195,0.4713015547883242,0.5285364570047145
6.2,0.4713021871658682,0.5285370289363357
6.205,0.4713028149486399,0.5285375965227146
6.21,0.4713034381888429,0.5285381598026656
6.215,0.47130405693892957,0.5285387188177547
6.22,0.47130467114375374,0.5285392736124672
6.225,0.4713052808533425,0.5285398242337964
6.23,0.4713058861099595,0.5285403707294861
6.235,0.47130648695772676,0.5285409131479074
6.24,0.47130708344213046,0.5285414515377145
6.245,0.47130767560970893,0.5285419859190857
6.25,0.47130826350875465,0.5285425162785233
6.255,0.47130884707911386,0.528543042608961
6.26,0.47130942636995854,0.5285435649407693
6.265,0.47131000142181223,0.5285440833077044
6.27,0.4713105722768391,0.5285445977465189
6.275,0.4713111389783952,0.528545108296385
6.28,0.4713117015706287,0.5285456149983766
6.285,0.47131226009812505,0.5285461178950026
6.29,0.471312814552469,0.5285466170300915
6.295,0.4713133649155788,0.5285471124488934
6.3,0.47131391122735106,0.5285476041971752
6.305,0.47131445352525264,0.5285480922898055
6.31,0.4713149918491788,0.5285485767323899
6.315,0.4713155262404685,0.5285490575611602
6.32,0.47131605674105065,0.5285495348119144
6.325,0.471316583393223,0.528550008521769
6.33,0.47131710618877515,0.5285504787290713
6.335,0.4713176251104414,0.5285509454735107
6.34,0.47131814019628104,0.5285514087952854
6.345,0.4713186514819523,0.5285518686986611
6.35,0.47131915900538096,0.5285523251794918
6.355,0.4713196628058379,0.5285527782711672
6.36,0.47132016292313894,0.5285532280057887
6.365,0.47132065939744056,0.5285536744167444
6.37,0.4713211522214255,0.5285541175386274
6.375,0.4713216413793164,0.528554557407344
6.38,0.4713221269073692,0.5285549940593357
6.385,0.471322608839559,0.5285554274943646
6.39,0.47132308721197913,0.5285558577045242
6.395,0.4713235620619788,0.5285562847210221
6.4,0.4713240334274152,0.5285567085734812
6.405,0.47132450134646175,0.5285571292927684
6.41,0.47132496581290334,0.5285575469109176
6.415,0.47132542681260176,0.5285579614612296
6.42,0.4713258843800568,0.528558372977544
6.425,0.47132633854763606,0.5285587814582231
6.43,0.4713267893496846,0.528559186894554
6.435,0.4713272368217187,0.5285595893159688
6.44,0.4713276809997264,0.5285599887502754
6.445,0.47132812191998696,0.528560385226466
6.45,0.471328559577315,0.528560778774644
6.455,0.4713289939590889,0.5285611694261176
6.46,0.4713294250980879,0.5285615572127158
6.465,0.47132985302497543,0.5285619421384409
6.47,0.471330277772562,0.528562324178628
6.475,0.47133069937505834,0.5285627033168562
6.48,0.47133111786738785,0.5285630795735559
6.485,0.47133153328462657,0.5285634529718664
6.49,0.47133194562245834,0.5285638235373926
6.495,0.47133235486949215,0.5285641912981298
6.5,0.47133276105731015,0.528564556283671
6.505,0.4713331642152954,0.5285649185245149
6.51,0.47133356437395457,0.5285652780518524
6.515,0.47133396156461543,0.5285656348973088
6.52,0.4713343558191571,0.5285659890927144
6.525,0.4713347471698548,0.5285663406509381
6.53,0.4713351356133152,0.5285666895628071
6.535,0.47133552114003874,0.5285670358236276
6.54,0.4713359037805892,0.5285673794533242
6.545,0.471336283563405,0.5285677204741295
6.55,0.4713366605178817,0.528568058910238
6.555,0.471337034674098,0.5285683947874277
6.56,0.47133740606257146,0.5285687281327197
6.565,0.47133777471404176,0.528569058974072
6.57,0.47133814062474033,0.5285693873402978
6.575,0.4713385037847164,0.5285697132611247
6.58,0.47133886422178506,0.5285700367666115
6.585,0.47133922196209427,0.5285703578662587
6.59,0.4713395770333225,0.5285706765635197
6.595,0.4713399294640446,0.5285709928823178
6.6,0.4713402792831822,0.5285713068462415
6.605,0.4713406265198665,0.5285716184797384
6.61,0.4713409711712636,0.5285719278080523
6.615,0.47134131322871775,0.5285722348572893
6.62,0.47134165271848577,0.5285725396538817
6.625,0.47134198966532004,0.5285728422005193
6.63,0.4713423240954143,0.5285731424943988
6.635,0.4713426560358067,0.5285734405575696
6.64,0.47134298551386156,0.5285737364112023
6.645,0.47134331255714046,0.5285740300773053
6.65,0.47134363716847755,0.5285743215785693
6.655,0.471343959325695,0.5285746109387608
6.66,0.47134427901429754,0.528574898182226
6.665,0.47134459625293407,0.5285751833091634
6.67,0.47134491106292903,0.5285754663146754
6.675,0.4713452234675772,0.5285757472198255
6.68,0.4713455334915229,0.5285760260445188
6.685,0.4713458411605131,0.528576302809408
6.69,0.4713461465011223,0.5285765775356881
6.695,0.4713464495405061,0.528576850244912
6.7,0.4713467503061815,0.5285771209588295
6.705,0.4713470488259886,0.5285773896758468
6.71,0.4713473451072282,0.5285776563899457
6.715,0.4713476391519238,0.5285779211208096
6.72,0.47134793098359495,0.5285781838871724
6.725,0.4713482206251058,0.5285784447084281
6.73,0.4713485081000646,0.528578703604494
6.735,0.47134879343260305,0.5285789605956378
6.74,0.4713490766471798,0.5285792157023256
6.745,0.471349357768467,0.528579468926917
6.75,0.471349636798426,0.5285797202531959
6.755,0.47134991373436574,0.5285799696707639
6.76,0.47135018859849614,0.5285802171934812
6.765,0.47135046141187953,0.5285804628368783
6.77,0.4713507321962299,0.5285807066179111
6.775,0.47135100097371485,0.5285809485546932
6.78,0.4713512677667789,0.5285811886662531
6.785,0.47135153259798745,0.528581426972317
6.79,0.47135179546600975,0.5285816634932535
6.795,0.4713520563649294,0.5285818982501196
6.8,0.47135231531469896,0.5285821312642391
6.805,0.47135257233411604,0.5285823625443684
6.81,0.4713528274432399,0.5285825920846011
6.815,0.4713530806629419,0.5285828198815973
6.82,0.4713533320144926,0.528583045948085
6.825,0.47135358151922674,0.5285832702984058
6.83,0.47135382917521773,0.5285834929483665
6.835,0.471354074976236,0.5285837139151924
6.84,0.47135431894129975,0.528583933217049
6.845,0.4713545610881523,0.528584150872625
6.85,0.47135480143520014,0.528584366901003
6.855,0.4713550400013324,0.5285845813215034
6.86,0.4713552768057597,0.5285847941535474
6.865,0.47135551186799624,0.5285850054033852
6.87,0.47135574518618334,0.5285852150734489
6.875,0.4713559767546057,0.5285854231796633
6.88,0.4713562065911713,0.5285856297378828
6.885,0.471356434712603,0.5285858347644404
6.89,0.4713566611362539,0.5285860382760347
6.895,0.47135688587993724,0.5285862402895909
6.9,0.47135710896177474,0.5285864408221392
6.905,0.47135733040017924,0.5285866398753508
6.91,0.4713575501936192,0.5285868374474326
6.915,0.47135776833694615,0.5285870335530543
6.92,0.4713579848470549,0.5285872282064399
6.925,0.4713581997397459,0.5285874214222842
6.93,0.4713584130314144,0.5285876132156484
6.935,0.4713586247388901,0.5285878036018312
6.94,0.47135883487929464,0.5285879925962557
6.945,0.47135904347002366,0.5285881801986644
6.95,0.4713592505130278,0.5285883664055803
6.955,0.4713594559944045,0.5285885512307864
6.96,0.4713596599050623,0.5285887346876392
6.965,0.4713598622568925,0.5285889167900876
6.97,0.4713600630631912,0.5285890975523855
6.975,0.47136026233841577,0.528589276988976
6.98,0.4713604600979639,0.5285894551143898
6.985,0.4713606563580775,0.5285896319276154
6.99,0.47136085113582477,0.5285898074245937
6.995,0.4713610444487432,0.5285899816180595
7.0,0.4713612363145294,0.5285901545200103
7.005,0.47136142675095505,0.5285903261429543
7.01,0.47136161576236074,0.528590496499879
7.015,0.4713618033496248,0.5285906656042911
7.02,0.4713619895274631,0.5285908334699213
7.025,0.4713621743102437,0.528591000098413
7.03,0.47136235771321766,0.5285911654789818
7.035,0.4713625397521958,0.528591329604438
7.04,0.4713627204432498,0.528591492483605
7.045,0.4713628998024698,0.5285916541264767
7.05,0.4713630778307531,0.5285918145441144
7.055,0.4713632545257734,0.5285919737486164
7.06,0.4713634299013353,0.5285921317527728
7.065,0.47136360397052657,0.5285922885697643
7.07,0.47136377674689456,0.5285924442130719
7.075,0.4713639482443154,0.528592598696365
7.08,0.47136411847687765,0.5285927520334023
7.085,0.4713642874588157,0.5285929042298095
7.09,0.471364455189575,0.5285930552817221
7.095,0.4713646216658744,0.5285932051871793
7.1,0.4713647869008777,0.528593353954775
7.105,0.4713649509069142,0.5285935015941022
7.11,0.47136511369671696,0.5285936481156047
7.115,0.4713652752833041,0.5285937935304132
7.12,0.4713654356798734,0.5285939378501978
7.125,0.47136559489970903,0.5285940810870358
7.13,0.4713657529413266,0.5285942232533768
7.135,0.47136590980052845,0.52859436436207
7.14,0.4713660654892154,0.5285945044261087
7.145,0.47136622001859313,0.5285946434496632
7.15,0.4713663734005279,0.5285947814342817
7.155,0.4713665256472722,0.5285949183902802
7.16,0.47136667677122684,0.5285950543278419
7.165,0.47136682678488145,0.5285951892575245
7.17,0.4713669756868915,0.5285953231902315
7.175,0.47136712347337756,0.5285954561372433
7.18,0.4713672701555558,0.5285955881099828
7.185,0.47136741574399627,0.5285957191096452
7.19,0.47136756024989535,0.5285958491350438
7.195,0.4713677036848166,0.5285959781956854
7.2,0.4713678460604665,0.5285961063007061
7.205,0.4713679873886383,0.5285962334596068
7.21,0.4713681276703872,0.5285963596821857
7.215,0.47136826689590877,0.5285964849787088
7.22,0.4713684050587372,0.5285966093596954
7.225,0.4713685421668033,0.5285967328252341
7.23,0.47136867822920125,0.528596855373202
7.235,0.4713688132558825,0.528596977012684
7.24,0.4713689472573865,0.52859709775227
7.245,0.4713690802447338,0.5285972176008749
7.25,0.47136921222930633,0.52859733656765
7.255,0.4713693432227408,0.5285974546619029
7.26,0.47136947323683326,0.5285975718930278
7.265,0.4713696022834822,0.5285976882620527
7.27,0.4713697303657556,0.5285978037614051
7.275,0.4713698574845291,0.5285979183861826
7.28,0.4713699836501092,0.5285980321426752
7.285,0.47137010887248293,0.5285981450379452
7.29,0.47137023316193105,0.5285982570797141
7.295,0.4713703565289351,0.5285983682762382
7.3,0.47137047898409534,0.528598478636197
7.305,0.47137060053805746,0.5285985881685927
7.31,0.471370721191174,0.5285986968827248
7.315,0.47137084094163667,0.5285988047882104
7.32,0.4713709597986242,0.5285989118947909
7.325,0.4713710777708757,0.5285990182063534
7.33,0.47137119486770607,0.5285991237199773
7.335,0.47137131109879804,0.5285992284339536
7.34,0.47137142647401165,0.5285993323540641
7.345,0.47137154100322926,0.5285994354868373
7.35,0.4713716546858795,0.5285995378394802
7.355,0.47137176751938087,0.5285996394198568
7.36,0.4713718795124294,0.5285997402362659
7.365,0.47137199067316893,0.5285998402972497
7.37,0.47137210101004595,0.5285999396115331
7.375,0.4713722105317262,0.5286000381879522
7.38,0.4713723192470209,0.5286001360353908
7.385,0.4713724271648779,0.5286002331566211
7.39,0.47137253428446996,0.5286003295526546
7.395,0.4713726406031802,0.5286004252307746
7.4,0.47137274612917524,0.528600520198229
7.405,0.47137285087008673,0.5286006144624871
7.41,0.47137295483383607,0.5286007080311883
7.415,0.4713730580285562,0.5286008009120777
7.42,0.4713731604625218,0.5286008931129498
7.425,0.47137326214414144,0.5286009846344859
7.43,0.47137336307421823,0.52860107547574
7.435,0.47137346324575663,0.5286011656434695
7.44,0.471373562654134,0.5286012551442971
7.445,0.47137366130506075,0.5286013439851297
7.45,0.471373759204937,0.5286014321730167
7.455,0.47137385636073337,0.528601519715093
7.46,0.47137395277988264,0.5286016066185294
7.465,0.47137404847023323,0.5286016928830546
7.47,0.47137414344004047,0.5286017785068767
7.475,0.4713742376977916,0.5286018634961908
7.48,0.47137433125205297,0.5286019478568538
7.485,0.4713744241114291,0.5286020315949703
7.49,0.47137451627792515,0.5286021147168772
7.495,0.4713746077518533,0.5286021972291628
7.5,0.4713746985403322,0.5286022791385219
7.505,0.4713747886503088,0.5286023604457399
7.51,0.4713748780891651,0.528602441145508
7.515,0.4713749668645591,0.5286025212342618
7.52,0.471375054984278,0.5286026007162559
7.525,0.47137514245611944,0.5286026795963201
7.53,0.4713752292804282,0.5286027578798084
7.535,0.47137531545597344,0.5286028355725837
7.54,0.4713754009894433,0.5286029126808481
7.545,0.4713754858871736,0.5286029892109968
7.55,0.4713755701557263,0.5286030651695718
7.555,0.47137565380182556,0.5286031405632083
7.56,0.4713757368323006,0.5286032153985863
7.565,0.47137581925405325,0.528603289678367
7.57,0.471375901066738,0.5286033634005379
7.575,0.47137598226867744,0.5286034365640365
7.58,0.47137606286625844,0.5286035091730182
7.585,0.47137614286545854,0.5286035812321299
7.59,0.4713762222724536,0.5286036527464358
7.595,0.4713763010935603,0.5286037237213379
7.6,0.47137637933518356,0.528603794162503
7.605,0.4713764570037717,0.5286038640757982
7.61,0.4713765340985392,0.5286039334672739
7.615,0.47137661061737507,0.5286040023431761
7.62,0.4713766865660577,0.528604070709823
7.625,0.4713767619500244,0.5286041385691793
7.63,0.47137683677503683,0.5286042059219274
7.635,0.4713769110470459,0.5286042727730847
7.64,0.47137698477207585,0.5286043391275996
7.645,0.47137705795619517,0.5286044049906042
7.65,0.47137713059984837,0.5286044703673785
7.655,0.4713772026978039,0.5286045352634382
7.66,0.47137727424658576,0.5286045996844231
7.665,0.4713773452502596,0.5286046636309338
7.67,0.4713774157134972,0.5286047271023881
7.675,0.47137748564141685,0.5286047901035202
7.68,0.4713775550394424,0.528604852638857
7.685,0.4713776239132485,0.5286049147130898
7.69,0.47137769226869813,0.5286049763310274
7.695,0.4713777601117873,0.5286050374975557
7.7,0.47137782744859524,0.5286050982175996
7.705,0.47137789428525556,0.5286051584918311
7.71,0.47137796062412407,0.5286052183164772
7.715,0.4713780264631923,0.5286052776891335
7.72,0.4713780918013733,0.5286053366131113
7.725,0.47137815664263316,0.5286053950921679
7.73,0.47137822099137305,0.5286054531303845
7.735,0.471378284852352,0.5286055107321037
7.74,0.4713783482306155,0.5286055679018729
7.745,0.47137841113143214,0.5286056246443932
7.75,0.47137847356023665,0.5286056809644748
7.755,0.4713785355225785,0.5286057368669952
7.76,0.47137859702407636,0.5286057923568642
7.765,0.4713786580703915,0.5286058474359147
7.77,0.47137871866305464,0.5286059021024407
7.775,0.4713787788025275,0.5286059563554876
7.78,0.4713788384936421,0.5286060101981053
7.785,0.4713788977410901,0.5286060636337095
7.79,0.4713789565497007,0.5286061166660272
7.795,0.47137901492439643,0.5286061692990365
7.8,0.47137907287015407,0.5286062215369137
7.805,0.47137913039197016,0.5286062733839847
7.81,0.4713791874899127,0.5286063248447125
7.815,0.47137924416301097,0.528606375923708
7.82,0.47137930041554976,0.5286064266256363
7.825,0.4713793562516035,0.5286064769524861
7.83,0.47137941167552233,0.5286065269030584
7.835,0.47137946669183284,0.5286065764766544
7.84,0.4713795213051463,0.5286066256759689
7.845,0.4713795755200847,0.5286066745040537
7.85,0.4713796293362465,0.5286067229642848
7.855,0.4713796827522709,0.5286067710603516
7.86,0.4713797357722216,0.5286068187961521
7.865,0.47137978839989536,0.5286068661756996
7.87,0.4713798406392343,0.5286069132030953
7.875,0.4713798924942862,0.5286069598824931
7.88,0.4713799439691688,0.5286070062180692
7.885,0.4713799950680505,0.528607052211597
7.89,0.47138004579124637,0.5286070978619637
7.895,0.47138009613512727,0.5286071431686107
7.9,0.47138014609731377,0.5286071881341087
7.905,0.4713801956806951,0.5286072327613704
7.91,0.47138024488849806,0.5286072770535566
7.915,0.47138029372422746,0.5286073210140267
7.92,0.4713803421916129,0.5286073646462954
7.925,0.47138039029456014,0.5286074079539925
7.93,0.47138043803710783,0.5286074509408275
7.935,0.4713804854233885,0.5286074936105587
7.94,0.47138053245759376,0.5286075359669645
7.945,0.4713805791439688,0.5286075780110444
7.95,0.47138062548400766,0.5286076197430134
7.955,0.4713806714760598,0.528607661165993
7.96,0.4713807171191249,0.5286077022831114
7.965,0.4713807624158581,0.5286077430976246
7.97,0.4713808073692331,0.5286077836128504
7.975,0.4713808519824862,0.5286078238321426
7.98,0.47138089625906593,0.528607863758866
7.985,0.4713809402026106,0.5286079033931189
7.99,0.4713809838169451,0.5286079427342734
7.995,0.47138102710599805,0.528607981785157
8.0,0.47138107007373137,0.5286080205484657
8.005,0.4713811127241204,0.5286080590270084
8.01,0.4713811550581756,0.5286080972236994
8.015,0.47138119707610476,0.528608135141569
8.02,0.47138123878113686,0.5286081727836943
8.025,0.4713812801764356,0.5286082101504466
8.03,0.47138132126536614,0.5286082472393843
8.035,0.47138136205142067,0.5286082840488476
8.04,0.4713814025381505,0.5286083205807462
8.045,0.47138144272911014,0.5286083568372578
8.05,0.47138148262439483,0.5286083928208039
8.055,0.47138152222336194,0.528608428534043
8.06,0.47138156152903893,0.5286084639797926
8.065,0.47138160054429135,0.5286084991609593
8.07,0.4713816392720896,0.5286085340805187
8.075,0.4713816777154797,0.5286085687414902
8.08,0.4713817158775564,0.5286086031469139
8.085,0.4713817537614404,0.5286086372998314
8.09,0.4713817913668336,0.5286086711982618
8.095,0.4713818286928285,0.5286087048449835
8.1,0.4713818657422519,0.5286087382424832
8.105,0.47138190251774975,0.5286087713933256
8.11,0.47138193902207043,0.5286088043001358
8.115,0.4713819752580368,0.528608836965577
8.12,0.4713820112285213,0.5286088693923311
8.125,0.4713820469364322,0.5286089015808928
8.13,0.4713820823819871,0.5286089335294285
8.135,0.4713821175626474,0.5286089652367815
8.14,0.4713821524767462,0.5286089967047193
8.145,0.4713821871262949,0.5286090279352486
8.15,0.47138222151354187,0.5286090589305492
8.155,0.4713822556409304,0.5286090896929418
8.16,0.4713822895110613,0.5286091202248561
8.165,0.471382323126659,0.5286091505288039
8.17,0.47138235649054083,0.5286091806073548
8.175,0.47138238960559,0.5286092104631149
8.18,0.4713824224747308,0.5286092400987065
8.185,0.47138245510090765,0.5286092695167519
8.19,0.47138248748512407,0.5286092987154641
8.195,0.47138251962620964,0.528609327697264
8.2,0.47138255152344644,0.528609356464334
8.205,0.47138258317868703,0.5286093850189444
8.21,0.4713826145940068,0.5286094133634077
8.215,0.471382645771665,0.5286094415000608
8.22,0.47138267671406886,0.528609469431248
8.225,0.4713827074237491,0.5286094971573613
8.23,0.4713827379033883,0.5286095246767335
8.235,0.4713827681557646,0.5286095519882432
8.24,0.47138279818369955,0.5286095790933373
8.245,0.4713828279900158,0.5286096059936596
8.25,0.4713828575754026,0.5286096326910329
8.255,0.4713828869399831,0.528609659187454
8.26,0.47138291608605115,0.5286096854850353
8.265,0.4713829450158362,0.5286097115859542
8.27,0.47138297373164284,0.5286097374924377
8.275,0.47138300223582835,0.5286097632067436
8.28,0.4713830305307827,0.5286097887311442
8.285,0.4713830586189112,0.5286098140679116
8.29,0.47138308650025673,0.5286098392156112
8.295,0.47138311417439416,0.5286098641763138
8.3,0.471383141643438,0.5286098889518764
8.305,0.4713831689093909,0.5286099135442128
8.31,0.4713831959743296,0.528609937955281
8.315,0.47138322284038353,0.5286099621870665
8.32,0.4713832495097167,0.5286099862415681
8.325,0.4713832759845113,0.5286100101207849
8.33,0.4713833022669841,0.5286100338224765
8.335,0.4713833283541692,0.5286100573485989
8.34,0.47138335424833533,0.5286100807008253
8.345,0.47138337995131474,0.5286101038808785
8.35,0.4713834054650094,0.5286101268905256
8.355,0.4713834307913721,0.5286101497315618
8.36,0.47138345593238945,0.528610172405798
8.365,0.47138348089006626,0.5286101949150483
8.37,0.4713835056664264,0.5286102172589909
8.375,0.47138353025837876,0.5286102394369334
8.38,0.47138355466809023,0.5286102614505314
8.385,0.4713835788972746,0.5286102833013091
8.39,0.47138360294771164,0.5286103049908478
8.395,0.471383626821229,0.5286103265207704
8.4,0.4713836505196864,0.5286103478927275
8.405,0.4713836740449618,0.5286103691083849
8.41,0.47138369739893865,0.5286103901694125
8.415,0.47138372057740996,0.528610411075428
8.42,0.4713837435753728,0.5286104318257824
8.425,0.47138376639375323,0.528610452422106
8.43,0.4713837890337415,0.5286104728658917
8.435,0.47138381149675734,0.5286104931586744
8.44,0.4713838337844135,0.5286105133020177
8.445,0.4713838558984829,0.5286105332975022
8.45,0.47138387784086905,0.5286105531467151
8.455,0.47138389961357846,0.528610572851241
8.46,0.471383921218709,0.5286105924106128
8.465,0.47138394265844547,0.5286106118240219
8.47,0.47138396393501875,0.5286106310929075
8.475,0.4713839850506686,0.5286106502185811
8.48,0.47138400600763425,0.5286106692024066
8.485,0.4713840268072712,0.5286106880457985
8.49,0.4713840474505017,0.5286107067502269
8.495,0.47138406793898596,0.5286107253171857
8.5,0.4713840882744209,0.5286107437481633
8.505,0.47138410845856427,0.5286107620427856
8.51,0.4713841284932353,0.5286107802003611
8.515,0.47138414838027975,0.528610798222238
8.52,0.4713841681215391,0.5286108161096522
8.525,0.47138418771738677,0.5286108338639001
8.53,0.47138420716781293,0.5286108514863432
8.535,0.47138422647430733,0.5286108689783763
8.54,0.4713842456383128,0.5286108863413992
8.545,0.47138426466132277,0.5286109035768124
8.55,0.47138428354486644,0.5286109206860098
8.555,0.4713843022905176,0.5286109376667623
8.56,0.47138432089988597,0.5286109545205403
8.565,0.4713843393732057,0.5286109712484982
8.57,0.4713843577092841,0.5286109878518761
8.575,0.47138437590731763,0.5286110043319692
8.58,0.4713843939683008,0.5286110206900992
8.585,0.47138441189335833,0.5286110369275916
8.59,0.4713844296837228,0.528611053045768
8.595,0.47138444734071366,0.528611069045941
8.6,0.47138446486574,0.5286110849259171
8.605,0.4713844822602864,0.5286111006871003
8.61,0.4713844995258619,0.5286111163305757
8.615,0.4713845166639952,0.5286111318574691
8.62,0.4713845336762228,0.5286111472689365
8.625,0.47138455056407946,0.5286111625661539
8.63,0.47138456732634204,0.5286111777503291
8.635,0.4713845839644205,0.528611192822698
8.64,0.47138460047953545,0.5286112077844818
8.645,0.47138461687297234,0.528611222633641
8.65,0.47138463314607126,0.5286112373714854
8.655,0.4713846493001819,0.5286112519990286
8.66,0.4713846653366606,0.5286112665173232
8.665,0.4713846812568616,0.5286112809274501
8.67,0.4713846970590253,0.5286112952305297
8.675,0.4713847127445044,0.5286113094277155
8.68,0.47138472831439776,0.5286113235201539
8.685,0.47138474376984807,0.5286113375089858
8.69,0.47138475911203814,0.5286113513938555
8.695,0.47138477434219345,0.5286113651741657
8.7,0.47138478946155704,0.5286113788509613
8.705,0.471384804471368,0.5286113924251893
8.71,0.4713848193713001,0.5286114058978404
8.715,0.47138483416075855,0.528611419269953
8.72,0.47138484884085813,0.5286114325425894
8.725,0.47138486341261737,0.5286114457168146
8.73,0.4713848778770946,0.528611458793694
8.735,0.4713848922353772,0.5286114717742874
8.74,0.47138490648857984,0.5286114846582692
8.745,0.47138492063784754,0.52861149744509
8.75,0.47138493468433396,0.5286115101357215
8.755,0.47138494862767955,0.5286115227310525
8.76,0.47138496246727823,0.5286115352320246
8.765,0.47138497620418346,0.5286115476396088
8.77,0.47138498983935123,0.528611559954786
8.775,0.47138500337377437,0.5286115721785432
8.78,0.4713850168084726,0.5286115843118673
8.785,0.47138503014448363,0.5286115963557415
8.79,0.4713850433828622,0.5286116083098662
8.795,0.4713850565246851,0.5286116201737352
8.8,0.47138506957103093,0.5286116319482516
8.805,0.47138508251995054,0.5286116436342497
8.81,0.4713850953726199,0.5286116552326123
8.815,0.4713851081299326,0.5286116667442358
8.82,0.4713851207928154,0.5286116781700283
8.825,0.4713851333622186,0.528611689510904
8.83,0.47138514583910873,0.5286117007677785
8.835,0.47138515822446136,0.5286117119415636
8.84,0.4713851705192546,0.5286117230331633
8.845,0.4713851827244781,0.528611734040968
8.85,0.47138519483825964,0.5286117449659773
8.855,0.47138520686171287,0.5286117558089735
8.86,0.4713852187956782,0.5286117665707579
8.865,0.4713852306410263,0.528611777252149
8.87,0.47138524239864965,0.5286117878539764
8.875,0.4713852540694556,0.5286117983770756
8.88,0.47138526565435945,0.5286118088222834
8.885,0.47138527715427914,0.5286118191904331
8.89,0.47138528857013023,0.5286118294823515
8.895,0.47138529990151024,0.5286118396964816
8.9,0.4713853111478368,0.5286118498337631
8.905,0.47138532230999824,0.5286118598949138
8.91,0.4713853333887863,0.5286118698806721
8.915,0.4713853443850195,0.5286118797917927
8.92,0.4713853552995358,0.5286118896290404
8.925,0.47138536613318605,0.5286118993931861
8.93,0.47138537688682813,0.5286119090850017
8.935,0.47138538756132164,0.5286119187052565
8.94,0.4713853981575234,0.528611928254714
8.945,0.47138540867506773,0.5286119377330392
8.95,0.4713854191134235,0.5286119471397495
8.955,0.47138542947342704,0.5286119564755883
8.96,0.47138543975582275,0.5286119657412148
8.965,0.4713854499613792,0.5286119749373088
8.97,0.47138546009088245,0.5286119840645652
8.975,0.47138547014512994,0.5286119931236888
8.98,0.47138548012492487,0.5286120021153895
8.985,0.47138549003107194,0.5286120110403787
8.99,0.47138549986437245,0.5286120198993651
8.995,0.47138550962468,0.528612028693055
9.0,0.4713855193109639,0.5286120374211544
9.005,0.4713855289225367,0.5286120460832316
9.01,0.47138553845998227,0.5286120546799876
9.015,0.47138554792394405,0.5286120632120446
9.02,0.47138555731511633,0.5286120716800414
9.025,0.4713855666342345,0.5286120800846292
9.03,0.47138557588206603,0.5286120884264662
9.035,0.471385585059403,0.5286120967062142
9.04,0.4713855941670544,0.5286121049245345
9.045,0.4713856032058404,0.5286121130820854
9.05,0.4713856121765863,0.5286121211795192
9.055,0.4713856210801199,0.5286121292166962
9.06,0.47138562991728356,0.5286121371927396
9.065,0.47138563868892136,0.5286121451070483
9.07,0.4713856473941695,0.5286121529600876
9.075,0.4713856560338552,0.528612160752386
9.08,0.4713856646086581,0.5286121684845094
9.085,0.4713856731192744,0.5286121761570562
9.09,0.4713856815664105,0.5286121837706508
9.095,0.4713856899507786,0.5286121913259371
9.1,0.47138569827309235,0.5286121988235734
9.105,0.47138570653406264,0.5286122062642268
9.11,0.4713857147343943,0.528612213648569
9.115,0.4713857228738851,0.5286122209772768
9.12,0.4713857309521841,0.5286122282510358
9.125,0.47138573896993197,0.5286122354705287
9.13,0.47138574692770724,0.5286122426364257
9.135,0.47138575482611694,0.5286122497480245
9.14,0.47138576266579274,0.5286122568059725
9.145,0.4713857704473693,0.5286122638108014
9.15,0.4713857781714839,0.5286122707630576
9.155,0.47138578583877283,0.5286122776632968
9.16,0.47138579344986803,0.5286122845120811
9.165,0.4713858010053949,0.5286122913099746
9.17,0.4713858085041263,0.5286122980575498
9.175,0.47138581594676204,0.5286123047553863
9.18,0.4713858233338232,0.528612311404052
9.185,0.47138583066585016,0.5286123180035027
9.19,0.4713858379434123,0.5286123245531071
9.195,0.47138584516709586,0.5286123310524311
9.2,0.47138585233749297,0.5286123375018453
9.205,0.4713858594551933,0.5286123439017625
9.21,0.4713858665207812,0.5286123502526308
9.215,0.4713858735348334,0.5286123565549269
9.22,0.47138588049703445,0.5286123628091538
9.225,0.4713858874069456,0.5286123690158422
9.23,0.47138589426511834,0.5286123751755377
9.235,0.47138590107203476,0.5286123812887905
9.24,0.47138590782819234,0.5286123873561536
9.245,0.47138591453409995,0.5286123933781787
9.25,0.4713859211902737,0.5286123993520124
9.255,0.47138592779723393,0.5286124052817044
9.26,0.4713859343555015,0.5286124111677866
9.265,0.47138594086559965,0.5286124170134615
9.27,0.47138594732805644,0.5286124228118672
9.275,0.4713859537433966,0.528612428566907
9.28,0.4713859601112885,0.5286124342790056
9.285,0.4713859664312873,0.5286124399486043
9.29,0.4713859727038997,0.5286124455761577
9.295,0.4713859789295637,0.5286124511621217
9.3,0.4713859851087307,0.528612456706952
9.305,0.47138599124186237,0.5286124622111027
9.31,0.4713859973294268,0.5286124676750241
9.315,0.47138600337189596,0.5286124730991607
9.32,0.47138600936974223,0.5286124784839498
9.325,0.4713860153234381,0.5286124838288474
9.33,0.47138602123346546,0.5286124891338065
9.335,0.47138602710030775,0.5286124943982593
9.34,0.47138603292444253,0.5286124996224975
9.345,0.471386038704671,0.5286125048068561
9.35,0.47138604444157245,0.5286125099517036
9.355,0.4713860501355489,0.5286125150574282
9.36,0.4713860557870137,0.5286125201244339
9.365,0.471386061396388,0.528612525153138
9.37,0.4713860669640974,0.528612530143966
9.375,0.47138607249057013,0.5286125350973497
9.38,0.4713860779728411,0.5286125400137233
9.385,0.47138608341482197,0.5286125448935207
9.39,0.47138608881693295,0.5286125497371741
9.395,0.47138609417958915,0.5286125545451114
9.4,0.4713860995031988,0.5286125593177545
9.405,0.47138610478816284,0.5286125640555183
9.41,0.4713861100330709,0.5286125687588172
9.415,0.47138611523864565,0.5286125734268495
9.42,0.4713861204052478,0.528612578060178
9.425,0.471386125533246,0.5286125826591346
9.43,0.4713861306230157,0.5286125872240592
9.435,0.4713861356749363,0.5286125917552973
9.44,0.47138614068938944,0.528612596253197
9.445,0.47138614566675685,0.5286126007188218
9.45,0.47138615060741856,0.528612605151902
9.455,0.4713861555117515,0.5286126095526643
9.46,0.47138616038012815,0.5286126139214501
9.465,0.47138616521291565,0.5286126182585963
9.47,0.4713861700104746,0.5286126225644336
9.475,0.4713861747731585,0.5286126268392864
9.48,0.47138617950131284,0.5286126310834708
9.485,0.4713861841935448,0.5286126352958587
9.49,0.4713861888505292,0.5286126394771503
9.495,0.4713861934725799,0.5286126436275189
9.5,0.47138619806001864,0.5286126477472441
9.505,0.47138620261317327,0.5286126518366117
9.51,0.47138620713237545,0.5286126558959108
9.515,0.4713862116179587,0.528612659925432
9.52,0.47138621607025705,0.5286126639254664
9.525,0.4713862204896033,0.5286126678963035
9.53,0.47138622487632775,0.5286126718382304
9.535,0.4713862292307573,0.5286126757515311
9.54,0.4713862335532144,0.5286126796364852
9.545,0.47138623784401623,0.5286126834933672
9.55,0.47138624210347424,0.5286126873224439
9.555,0.47138624633189363,0.5286126911239772
9.56,0.47138625052957245,0.5286126948982229
9.565,0.47138625469679957,0.5286126986454277
9.57,0.4713862588345706,0.528612702365838
9.575,0.47138626294254626,0.5286127060596904
9.58,0.47138626701835157,0.5286127097272193
9.585,0.47138627106344233,0.5286127133670725
9.59,0.4713862750780817,0.5286127169799525
9.595,0.4713862790625386,0.5286127205659618
9.6,0.47138628301708746,0.5286127241253212
9.605,0.4713862869420062,0.5286127276582576
9.61,0.4713862908382836,0.5286127311650012
9.615,0.4713862947055889,0.5286127346457847
9.62,0.4713862985440842,0.5286127381008421
9.625,0.47138630235404766,0.5286127415304069
9.63,0.4713863061357559,0.5286127449313203
9.635,0.47138630988948227,0.5286127483104712
9.64,0.4713863136154962,0.5286127516616773
9.645,0.4713863173140629,0.5286127549915085
9.65,0.4713863209854425,0.528612758293908
9.655,0.47138632462989,0.5286127615753058
9.66,0.4713863282476547,0.5286127648297669
9.665,0.47138633183898043,0.5286127680602397
9.67,0.4713863354041048,0.5286127712672698
9.675,0.4713863389432597,0.5286127744510775
9.68,0.4713863424566709,0.5286127776118574
9.685,0.4713863459445581,0.5286127807497983
9.69,0.47138634940713503,0.528612783865084
9.695,0.47138635284460956,0.5286127869578934
9.7,0.4713863562571838,0.5286127900284009
9.705,0.4713863596450541,0.5286127930767761
9.71,0.4713863630084115,0.5286127961031845
9.715,0.47138636634744174,0.5286127991077869
9.72,0.4713863696623253,0.5286128020907406
9.725,0.4713863729532377,0.5286128050539631
9.73,0.47138637622035023,0.5286128079944289
9.735,0.4713863794638294,0.5286128109151547
9.74,0.4713863826838375,0.5286128138133218
9.745,0.47138638588053294,0.5286128166920123
9.75,0.4713863890506812,0.5286128195484372
9.755,0.4713863922010884,0.5286128223856381
9.76,0.47138639532546533,0.5286128252008552
9.765,0.47138639843035124,0.5286128279970919
9.77,0.4713864015095273,0.5286128307715907
9.775,0.4713864045694565,0.5286128335273713
9.78,0.47138640760398637,0.5286128362616735
9.785,0.47138641061950604,0.5286128389774826
9.79,0.47138641360992545,0.5286128416720651
9.795,0.4713864165815652,0.528612844348375
9.8,0.4713864195283949,0.5286128470016147
9.805,0.47138642245667,0.5286128496354497
9.81,0.4713864253604177,0.5286128522499919
9.815,0.4713864282424785,0.5286128548453517
9.82,0.4713864311033153,0.5286128574216397
9.825,0.47138643394307184,0.5286128599789647
9.83,0.4713864367618707,0.528612862517436
9.835,0.4713864395598325,0.5286128650371623
9.84,0.47138644233707755,0.5286128675382514
9.845,0.4713864450937256,0.5286128700208111
9.85,0.47138644782989625,0.5286128724849491
9.855,0.4713864505457089,0.5286128749307731
9.86,0.4713864532412827,0.5286128773583901
9.865,0.471386455916737,0.5286128797679078
9.87,0.47138645857219086,0.5286128821594338
9.875,0.4713864612077636,0.5286128845330753
9.88,0.4713864638235746,0.5286128868889403
9.885,0.47138646641974313,0.5286128892271359
9.89,0.47138646899638886,0.5286128915477705
9.895,0.4713864715536317,0.528612893850952
9.9,0.47138647409159173,0.5286128961367886
9.905,0.471386476610389,0.5286128984053886
9.91,0.4713864791101441,0.5286129006568608
9.915,0.4713864815909776,0.5286129028913139
9.92,0.47138648405477285,0.528612905108857
9.925,0.4713864864984566,0.5286129073095989
9.93,0.4713864889250704,0.5286129094936491
9.935,0.4713864913317211,0.5286129116611142
9.94,0.47138649372153163,0.5286129138121057
9.945,0.4713864960916414,0.5286129159459391
9.95,0.47138649844513797,0.5286129180643214
9.955,0.4713865007791941,0.5286129201657699
9.96,0.4713865030968628,0.5286129222519833
9.965,0.47138650539535415,0.528612924321493
9.97,0.47138650767768475,0.528612926375979
9.975,0.4713865099411021,0.5286129284139918
9.98,0.47138651218858607,0.5286129304371925
9.985,0.4713865144153239,0.5286129324441508
9.99,0.47138651662501174,0.5286129344365049
9.995,0.4713865188177698,0.5286129364128457
10.0,0.47138652099372247,0.5286129383747924
