t,phase_1,phase_2
0.0,0.0,0.0
0.005,0.0,0.0026682
0.01,0.0,0.0053652
0.015,0.0,0.0080884
0.02,0.0,0.0108142
0.025,0.0,0.0134962
0.03,0.0,0.0161752
0.035,0.0,0.0188366
0.04,0.0,0.0214452
0.045,0.0,0.0240562
0.05,0.0,0.0266546
0.055,0.0,0.0292364
0.06,0.0,0.0318048
0.065,0.0,0.0343638
0.07,0.0,0.0369702
0.075,0.0,0.0395362
0.08,0.0,0.0420118
0.085,0.0,0.0445546
0.09,0.0,0.0470542
0.095,0.0,0.0495666
0.1,0.0,0.0520102
0.105,0.0,0.0544072
0.11,0.0,0.0568606
0.115,0.0,0.059325
0.12,0.0,0.0617638
0.125,0.0,0.0642072
0.13,0.0,0.0666468
0.135,0.0,0.0690262
0.14,0.0,0.0714094
0.145,0.0,0.0737872
0.15,0.0,0.076172
0.155,0.0,0.078514
0.16,0.0,0.08089
0.165,0.0,0.0832108
0.17,0.0,0.085496
0.175,0.0,0.087789
0.18,0.0,0.0900358
0.185,0.0,0.0922792
0.19,0.0,0.094571
0.195,0.0,0.0968188
0.2,0.0,0.0990752
0.205,0.0,0.1013022
0.21,0.0,0.1035452
0.215,0.0,0.105774
0.22,0.0,0.1079228
0.225,0.0,0.1101146
0.23,0.0,0.1123176
0.235,0.0,0.1145086
0.24,0.0,0.116702
0.245,0.0,0.1188202
0.25,0.0,0.120972
0.255,0.0,0.1231158
0.26,0.0,0.1252446
0.265,0.0,0.1272948
0.27,0.0,0.1294364
0.275,0.0,0.1315432
0.28,0.0,0.1336392
0.285,0.0,0.1356978
0.29,0.0,0.1377584
0.295,0.0,0.139806
0.3,0.0,0.1418276
0.305,0.0,0.143879
0.31,0.0,0.1459168
0.315,0.0,0.1479006
0.32,0.0,0.1499106
0.325,0.0,0.151919
0.33,0.0,0.153913
0.335,0.0,0.155905
0.34,0.0,0.1579186
0.345,0.0,0.1598644
0.35,0.0,0.1617796
0.355,0.0,0.1636906
0.36,0.0,0.1655816
0.365,0.0,0.1675012
0.37,0.0,0.1694406
0.375,0.0,0.1713348
0.38,0.0,0.1732074
0.385,0.0,0.1750738
0.39,0.0,0.176933
0.395,0.0,0.1788252
0.4,0.0,0.1806882
0.405,0.0,0.1825276
0.41,0.0,0.1843522
0.415,0.0,0.1862078
0.42,0.0,0.1880764
0.425,0.0,0.1898394
0.43,0.0,0.1916714
0.435,0.0,0.1934868
0.44,0.0,0.195292
0.445,0.0,0.1970842
0.45,0.0,0.1989294
0.455,0.0,0.2006546
0.46,0.0,0.2024214
0.465,0.0,0.2041838
0.47,0.0,0.2059304
0.475,0.0,0.2076516
0.48,0.0,0.2094028
0.485,0.0,0.2110866
0.49,0.0,0.2127436
0.495,0.0,0.2143892
0.5,0.0,0.2160602
0.505,0.0,0.2177958
0.51,0.0,0.219472
0.515,0.0,0.2211034
0.52,0.0,0.2227996
0.525,0.0,0.2244086
0.53,0.0,0.2260782
0.535,0.0,0.2277346
0.54,0.0,0.2293922
0.545,0.0,0.2310274
0.55,0.0,0.2326438
0.555,0.0,0.2342494
0.56,0.0,0.2358476
0.565,0.0,0.2374812
0.57,0.0,0.2390738
0.575,0.0,0.2407056
0.58,0.0,0.2423152
0.585,0.0,0.2438796
0.59,0.0,0.2454696
0.595,0.0,0.2470276
0.6,0.0,0.2485498
0.605,0.0,0.2500556
0.61,0.0,0.2515668
0.615,0.0,0.2530938
0.62,0.0,0.2546328
0.625,0.0,0.2561312
0.63,0.0,0.2576186
0.635,0.0,0.2591244
0.64,0.0,0.2606234
0.645,0.0,0.2621046
0.65,0.0,0.2635904
0.655,0.0,0.2650866
0.66,0.0,0.2665424
0.665,0.0,0.267983
0.67,0.0,0.2694344
0.675,0.0,0.270886
0.68,0.0,0.2723432
0.685,0.0,0.273765
0.69,0.0,0.2752
0.695,0.0,0.2766406
0.7,0.0,0.278087
0.705,0.0,0.2795762
0.71,0.0,0.2809498
0.715,0.0,0.2823242
0.72,0.0,0.2837004
0.725,0.0,0.2850894
0.73,0.0,0.2864468
0.735,0.0,0.2878168
0.74,0.0,0.2891976
0.745,0.0,0.2905626
0.75,0.0,0.291919
0.755,0.0,0.293275
0.76,0.0,0.2946024
0.765,0.0,0.2959706
0.77,0.0,0.2972824
0.775,0.0,0.2986538
0.78,0.0,0.2999688
0.785,0.0,0.3012862
0.79,0.0,0.3025978
0.795,0.0,0.3038832
0.8,0.0,0.3051972
0.805,0.0,0.3064748
0.81,0.0,0.3077954
0.815,0.0,0.309061
0.82,0.0,0.3103652
0.825,0.0,0.311646
0.83,0.0,0.312893
0.835,0.0,0.3141524
0.84,0.0,0.3153674
0.845,0.0,0.3166106
0.85,0.0,0.317838
0.855,0.0,0.319025
0.86,0.0,0.3202464
0.865,0.0,0.3214898
0.87,0.0,0.3227058
0.875,0.0,0.3239256
0.88,0.0,0.3251534
0.885,0.0,0.326358
0.89,0.0,0.3275658
0.895,0.0,0.3287412
0.9,0.0,0.3299508
0.905,0.0,0.331129
0.91,0.0,0.332333
0.915,0.0,0.333518
0.92,0.0,0.3346856
0.925,0.0,0.3358242
0.93,0.0,0.336975
0.935,0.0,0.3380986
0.94,0.0,0.3392848
0.945,0.0,0.3404164
0.95,0.0,0.3415748
0.955,0.0,0.3427104
0.96,0.0,0.343866
0.965,0.0,0.3449838
0.97,0.0,0.3461236
0.975,0.0,0.3472426
0.98,0.0,0.3483594
0.985,0.0,0.349445
0.99,0.0,0.3505574
0.995,0.0,0.351674
1.0,0.3324448,0.3527734
1.005,0.3333588,0.3538694
1.01,0.3342774,0.354938
1.015,0.3351976,0.35603
1.02,0.3360884,0.3571084
1.025,0.3369842,0.3581838
1.03,0.3378578,0.3592534
1.035,0.338734,0.3603384
1.04,0.3395762,0.3614018
1.045,0.3404804,0.3624512
1.05,0.3413336,0.3634996
1.055,0.3421866,0.3645488
1.06,0.3430292,0.3655624
1.065,0.343836,0.3666276
1.07,0.3446588,0.3677064
1.075,0.3455422,0.368744
1.08,0.3463394,0.3697788
1.085,0.3471678,0.3707926
1.09,0.3479618,0.3718468
1.095,0.3487704,0.3728862
1.1,0.3495516,0.373939
1.105,0.3503718,0.374953
1.11,0.3511862,0.3759566
1.115,0.3519636,0.376958
1.12,0.352762,0.3779996
1.125,0.353534,0.3789954
1.13,0.3543164,0.3799818
1.135,0.3550942,0.3809602
1.14,0.355863,0.3819652
1.145,0.356626,0.3829658
1.15,0.3573912,0.3839812
1.155,0.3581408,0.38495
1.16,0.3588686,0.385955
1.165,0.359595,0.3869136
1.17,0.3603348,0.3878932
1.175,0.3610876,0.3888672
1.18,0.3617908,0.3898246
1.185,0.3625038,0.39079
1.19,0.3632328,0.3917284
1.195,0.3639886,0.392647
1.2,0.3647032,0.3935984
1.205,0.3654302,0.3945374
1.21,0.3661208,0.3955042
1.215,0.3668158,0.3964612
1.22,0.3675024,0.39742
1.225,0.3681802,0.398359
1.23,0.3688776,0.3993036
1.235,0.369576,0.4001954
1.24,0.3702304,0.4011252
1.245,0.3708914,0.4020488
1.25,0.3715588,0.4029784
1.255,0.372257,0.4039128
1.26,0.3729006,0.4048262
1.265,0.3735418,0.405765
1.27,0.3741944,0.4066638
1.275,0.3748544,0.4075792
1.28,0.3754678,0.4084912
1.285,0.3761206,0.4093634
1.29,0.3767446,0.4102602
1.295,0.377372,0.411154
1.3,0.377996,0.4120396
1.305,0.3785868,0.4129282
1.31,0.379194,0.4137594
1.315,0.3798194,0.4146048
1.32,0.3804112,0.415485
1.325,0.381016,0.4163526
1.33,0.3816098,0.417213
1.335,0.3821866,0.4180366
1.34,0.3827734,0.4189064
1.345,0.3833532,0.4197832
1.35,0.3839438,0.4206316
1.355,0.3845318,0.4214844
1.36,0.3851102,0.4223348
1.365,0.3856824,0.4231728
1.37,0.386251,0.4240188
1.375,0.386824,0.424857
1.38,0.387385,0.4256974
1.385,0.3879642,0.4265034
1.39,0.3885354,0.427357
1.395,0.3890928,0.4281574
1.4,0.3896424,0.4290084
1.405,0.3901906,0.4298416
1.41,0.3907072,0.4306294
1.415,0.3912426,0.4314568
1.42,0.3917832,0.4322538
1.425,0.392293,0.4330488
1.43,0.392825,0.433871
1.435,0.3933432,0.4346264
1.44,0.3938582,0.4354246
1.445,0.3943698,0.4362342
1.45,0.3948728,0.4370158
1.455,0.395383,0.4378256
1.46,0.3958836,0.438622
1.465,0.3963984,0.4394126
1.47,0.3968966,0.4402094
1.475,0.3974078,0.4409812
1.48,0.397878,0.4417942
1.485,0.3983706,0.4425566
1.49,0.398871,0.4433184
1.495,0.3993426,0.4440838
1.5,0.3998336,0.4448326
1.505,0.400317,0.445571
1.51,0.4007948,0.4463198
1.515,0.40129,0.4471246
1.52,0.401743,0.4479044
1.525,0.4022404,0.4486606
1.53,0.4027202,0.449429
1.535,0.4032016,0.4501848
1.54,0.4036824,0.4509534
1.545,0.4041192,0.4517104
1.55,0.4045626,0.452459
1.555,0.405015,0.4532108
1.56,0.405476,0.4539658
1.565,0.405947,0.454696
1.57,0.4063714,0.455418
1.575,0.40684,0.456159
1.58,0.4072774,0.4568562
1.585,0.407694,0.4575492
1.59,0.4081074,0.4582974
1.595,0.408537,0.4590088
1.6,0.4089568,0.4597078
1.605,0.4093902,0.4604186
1.61,0.4097904,0.4611406
1.615,0.4102236,0.461855
1.62,0.410631,0.4625734
1.625,0.4110474,0.463291
1.63,0.4114534,0.4640092
1.635,0.4118484,0.4646986
1.64,0.4122578,0.4653812
1.645,0.4126434,0.4660558
1.65,0.4130542,0.4667408
1.655,0.4134514,0.4674404
1.66,0.4138492,0.4681482
1.665,0.4142466,0.4688216
1.67,0.4146202,0.4695286
1.675,0.4149716,0.4701962
1.68,0.4153444,0.470864
1.685,0.4157276,0.4715308
1.69,0.4161096,0.472206
1.695,0.4164856,0.4728796
1.7,0.416855,0.4735594
1.705,0.417231,0.4741904
1.71,0.4176184,0.4748464
1.715,0.4179702,0.4754692
1.72,0.4183356,0.47612
1.725,0.4187128,0.4767858
1.73,0.4190848,0.4774498
1.735,0.4194244,0.478117
1.74,0.4197556,0.4787946
1.745,0.4201188,0.4794476
1.75,0.4204754,0.480069
1.755,0.4208196,0.4807278
1.76,0.421152,0.481393
1.765,0.4214986,0.4820502
1.77,0.4218512,0.4826942
1.775,0.4221948,0.4833232
1.78,0.4225048,0.4839616
1.785,0.422824,0.4845804
1.79,0.423147,0.4852076
1.795,0.42348,0.485822
1.8,0.4238122,0.4864468
1.805,0.424129,0.487081
1.81,0.4244532,0.4877022
1.815,0.4247556,0.4883284
1.82,0.4250854,0.4889712
1.825,0.4254212,0.489603
1.83,0.4257528,0.4901932
1.835,0.426043,0.4907776
1.84,0.4263406,0.491409
1.845,0.4266468,0.4920294
1.85,0.4269504,0.4926392
1.855,0.4272462,0.4932536
1.86,0.4275556,0.4938542
1.865,0.4278596,0.494473
1.87,0.4281648,0.4950832
1.875,0.4284568,0.495698
1.88,0.42875,0.4963208
1.885,0.4290254,0.4968998
1.89,0.4293062,0.4975078
1.895,0.4295806,0.4980978
1.9,0.4298464,0.498703
1.905,0.4301458,0.4993158
1.91,0.4304412,0.4999202
1.915,0.4307198,0.5005098
1.92,0.4310076,0.5011008
1.925,0.4312762,0.5016716
1.93,0.4315552,0.5022788
1.935,0.4318104,0.5028564
1.94,0.432087,0.5034354
1.945,0.43234,0.5039914
1.95,0.4326018,0.504558
1.955,0.4328766,0.5051336
1.96,0.4331222,0.5057292
1.965,0.4333886,0.5062944
1.97,0.4336426,0.5068496
1.975,0.4339024,0.5074386
1.98,0.4341538,0.5080166
1.985,0.434408,0.5085598
1.99,0.4346608,0.509112
1.995,0.4348988,0.5096728
2.0,0.4351344,0.5102476
2.005,0.4353762,0.5104706
2.01,0.4356268,0.5106924
2.015,0.4358582,0.5109288
2.02,0.4360964,0.5111548
2.025,0.4363412,0.5113824
2.03,0.436562,0.5115938
2.035,0.4368086,0.5118046
2.04,0.4370428,0.5120166
2.045,0.4372894,0.5122134
2.05,0.43752,0.51242
2.055,0.4377356,0.512618
2.06,0.4379778,0.5128212
2.065,0.4382034,0.5130252
2.07,0.4384422,0.5132234
2.075,0.4386704,0.5134118
2.08,0.4388936,0.5135952
2.085,0.4391344,0.5137902
2.09,0.4393382,0.5139932
2.095,0.4395596,0.5141764
2.1,0.4397772,0.5143648
2.105,0.4400066,0.5145584
2.11,0.4402044,0.5147506
2.115,0.4404096,0.514938
2.12,0.440605,0.5151078
2.125,0.4407994,0.5153014
2.13,0.4409942,0.5154884
2.135,0.4412176,0.5156678
2.14,0.4414132,0.5158444
2.145,0.4416036,0.5160086
2.15,0.441817,0.5161792
2.155,0.442011,0.5163498
2.16,0.4422116,0.5165316
2.165,0.4424128,0.5167132
2.17,0.4426128,0.5168782
2.175,0.4427928,0.5170518
2.18,0.4429936,0.5172176
2.185,0.44317,0.5173916
2.19,0.4433422,0.5175488
2.195,0.4435304,0.5177112
2.2,0.4437208,0.517878
2.205,0.4438952,0.5180364
2.21,0.4440862,0.5181974
2.215,0.4442766,0.518362
2.22,0.4444564,0.5185232
2.225,0.4446372,0.5186798
2.23,0.4448158,0.5188342
2.235,0.4450102,0.5189932
2.24,0.4451622,0.51914
2.245,0.4453454,0.5193006
2.25,0.4455108,0.5194404
2.255,0.4456778,0.5196032
2.26,0.4458482,0.5197548
2.265,0.4460128,0.5199006
2.27,0.4461864,0.520042
2.275,0.446348,0.520181
2.28,0.4465004,0.5203258
2.285,0.4466534,0.520476
2.29,0.4468074,0.520612
2.295,0.446963,0.5207536
2.3,0.447125,0.5208978
2.305,0.4473012,0.5210398
2.31,0.4474516,0.5211762
2.315,0.4476006,0.5213108
2.32,0.4477478,0.5214528
2.325,0.4478866,0.5215812
2.33,0.448031,0.5217112
2.335,0.448189,0.5218624
2.34,0.448342,0.5219862
2.345,0.4484872,0.522125
2.35,0.4486332,0.5222574
2.355,0.4487746,0.522369
2.36,0.448916,0.522497
2.365,0.449055,0.5226192
2.37,0.4491736,0.522733
2.375,0.4493166,0.5228566
2.38,0.4494522,0.5229884
2.385,0.4495826,0.52312
2.39,0.449719,0.5232474
2.395,0.4498556,0.5233904
2.4,0.4500046,0.523515
2.405,0.4501314,0.523629
2.41,0.4502724,0.5237512
2.415,0.450398,0.5238558
2.42,0.4505336,0.5239694
2.425,0.4506598,0.5240978
2.43,0.4507858,0.5242038
2.435,0.4509132,0.5243112
2.44,0.4510428,0.5244206
2.445,0.4511526,0.5245262
2.45,0.4512884,0.5246372
2.455,0.4514076,0.5247494
2.46,0.451541,0.5248598
2.465,0.4516524,0.5249676
2.47,0.451778,0.5250718
2.475,0.4519042,0.5251836
2.48,0.4520236,0.5252864
2.485,0.4521358,0.5253884
2.49,0.4522466,0.5254884
2.495,0.4523702,0.52558
2.5,0.452468,0.5256814
2.505,0.452586,0.5257864
2.51,0.4526928,0.5259056
2.515,0.4527998,0.5260056
2.52,0.4529078,0.52611
2.525,0.4530144,0.5262048
2.53,0.4531136,0.5262942
2.535,0.4532308,0.526398
2.54,0.4533272,0.526482
2.545,0.4534262,0.526572
2.55,0.4535262,0.5266764
2.555,0.4536274,0.526767
2.56,0.453718,0.526871
2.565,0.4538178,0.52697
2.57,0.4539094,0.5270592
2.575,0.4540068,0.527157
2.58,0.4541094,0.5272512
2.585,0.4542048,0.5273444
2.59,0.454302,0.527428
2.595,0.4543928,0.5275108
2.6,0.4544796,0.527598
2.605,0.4545664,0.5276786
2.61,0.4546564,0.5277616
2.615,0.4547464,0.527858
2.62,0.4548386,0.5279486
2.625,0.4549204,0.528021
2.63,0.4550046,0.52811
2.635,0.455091,0.5281998
2.64,0.4551778,0.5282834
2.645,0.455262,0.5283578
2.65,0.4553506,0.5284236
2.655,0.4554262,0.5284968
2.66,0.4554972,0.5285842
2.665,0.4555728,0.5286508
2.67,0.455653,0.5287256
2.675,0.4557298,0.5288016
2.68,0.45581,0.5288738
2.685,0.4558876,0.528948
2.69,0.4559762,0.5290164
2.695,0.4560496,0.5290882
2.7,0.4561258,0.529153
2.705,0.4561942,0.5292338
2.71,0.4562646,0.5293052
2.715,0.4563376,0.5293706
2.72,0.456408,0.5294372
2.725,0.4564774,0.5295032
2.73,0.4565508,0.529572
2.735,0.4566232,0.5296446
2.74,0.456699,0.5296948
2.745,0.4567726,0.5297476
2.75,0.4568456,0.5298196
2.755,0.4569068,0.5298858
2.76,0.456978,0.529945
2.765,0.4570426,0.5300114
2.77,0.457106,0.5300704
2.775,0.457171,0.530129
2.78,0.457231,0.530189
2.785,0.4572976,0.5302556
2.79,0.4573622,0.530326
2.795,0.4574302,0.5303868
2.8,0.4574872,0.5304568
2.805,0.4575502,0.5305164
2.81,0.4576136,0.5305808
2.815,0.4576754,0.530635
2.82,0.4577374,0.5306894
2.825,0.4577932,0.5307504
2.83,0.4578498,0.5308114
2.835,0.4579174,0.5308716
2.84,0.457972,0.5309316
2.845,0.458022,0.5309946
2.85,0.4580744,0.531044
2.855,0.4581308,0.5310912
2.86,0.458174,0.5311464
2.865,0.4582376,0.5312098
2.87,0.458274,0.5312614
2.875,0.458331,0.531317
2.88,0.458378,0.5313782
2.885,0.458426,0.5314298
2.89,0.458478,0.531486
2.895,0.4585254,0.531543
2.9,0.4585784,0.531595
2.905,0.4586256,0.5316426
2.91,0.4586648,0.5316934
2.915,0.4587182,0.531734
2.92,0.4587626,0.531786
2.925,0.4588126,0.5318224
2.93,0.458855,0.531868
2.935,0.458898,0.53192
2.94,0.4589428,0.531965
2.945,0.4589864,0.5320064
2.95,0.459029,0.5320572
2.955,0.459073,0.532102
2.96,0.4591158,0.5321476
2.965,0.4591548,0.5321922
2.97,0.459196,0.5322332
2.975,0.4592344,0.532278
2.98,0.4592704,0.5323196
2.985,0.4593028,0.5323586
2.99,0.45934,0.5323972
2.995,0.459381,0.5324446
3.0,0.4594156,0.5324834
3.005,0.4594512,0.532531
3.01,0.4594838,0.532566
3.015,0.4595118,0.5326042
3.02,0.4595474,0.5326444
3.025,0.4595794,0.5326852
3.03,0.4596194,0.5327236
3.035,0.459649,0.5327626
3.04,0.4596836,0.5328062
3.045,0.4597228,0.5328494
3.05,0.4597538,0.5328904
3.055,0.4597826,0.532927
3.06,0.4598154,0.532957
3.065,0.4598462,0.5329918
3.07,0.4598804,0.5330298
3.075,0.4599106,0.5330682
3.08,0.4599412,0.5331112
3.085,0.459972,0.5331472
3.09,0.4600008,0.5331846
3.095,0.4600338,0.533215
3.1,0.4600658,0.5332472
3.105,0.4600956,0.5332828
3.11,0.4601194,0.5333238
3.115,0.460147,0.5333554
3.12,0.4601692,0.5333958
3.125,0.4601952,0.5334292
3.13,0.4602204,0.5334586
3.135,0.4602476,0.5334936
3.14,0.4602748,0.5335282
3.145,0.4602982,0.5335582
3.15,0.4603294,0.533586
3.155,0.460353,0.5336242
3.16,0.4603818,0.5336524
3.165,0.4604092,0.5336896
3.17,0.460434,0.5337254
3.175,0.4604588,0.5337568
3.18,0.460482,0.533789
3.185,0.4605084,0.5338204
3.19,0.4605368,0.5338518
3.195,0.4605576,0.53388
3.2,0.4605812,0.5339044
3.205,0.4606028,0.5339344
3.21,0.4606292,0.5339596
3.215,0.460651,0.5339864
3.22,0.460674,0.5340136
3.225,0.4607008,0.534041
3.23,0.4607238,0.534071
3.235,0.4607458,0.5341036
3.24,0.4607708,0.5341282
3.245,0.4607916,0.5341538
3.25,0.4608146,0.5341826
3.255,0.4608376,0.5342084
3.26,0.460859,0.5342334
3.265,0.4608838,0.5342554
3.27,0.460907,0.5342818
3.275,0.4609244,0.5343028
3.28,0.4609404,0.5343288
3.285,0.4609626,0.5343464
3.29,0.4609818,0.5343702
3.295,0.4609972,0.5344
3.3,0.4610152,0.5344218
3.305,0.4610412,0.534446
3.31,0.4610628,0.5344684
3.315,0.4610854,0.534489
3.32,0.4611046,0.5345108
3.325,0.461127,0.5345324
3.33,0.4611488,0.534553
3.335,0.4611696,0.5345818
3.34,0.4611866,0.5346022
3.345,0.4612092,0.5346228
3.35,0.4612242,0.5346408
3.355,0.4612432,0.5346582
3.36,0.4612626,0.5346782
3.365,0.4612798,0.5347038
3.37,0.4612978,0.5347264
3.375,0.4613166,0.5347474
3.38,0.4613376,0.5347656
3.385,0.4613586,0.5347882
3.39,0.4613764,0.5348066
3.395,0.4613964,0.534828
3.4,0.4614122,0.53485
3.405,0.4614328,0.5348684
3.41,0.4614498,0.5348872
3.415,0.461465,0.534906
3.42,0.4614866,0.5349226
3.425,0.4615052,0.5349412
3.43,0.4615266,0.5349616
3.435,0.4615494,0.5349788
3.44,0.4615656,0.5350006
3.445,0.461579,0.5350214
3.45,0.461595,0.5350344
3.455,0.4616126,0.5350514
3.46,0.4616228,0.535068
3.465,0.4616422,0.5350844
3.47,0.461654,0.5351044
3.475,0.4616722,0.5351214
3.48,0.4616884,0.5351376
3.485,0.4617038,0.535154
3.49,0.4617206,0.5351678
3.495,0.4617376,0.535184
3.5,0.4617544,0.5352024
3.505,0.461767,0.535214
3.51,0.4617796,0.535231
3.515,0.4617922,0.5352426
3.52,0.4618082,0.5352576
3.525,0.4618234,0.535275
3.53,0.461835,0.5352954
3.535,0.4618506,0.5353102
3.54,0.4618632,0.5353278
3.545,0.4618778,0.5353434
3.55,0.46189,0.5353526
3.555,0.4619,0.5353662
3.56,0.461915,0.5353826
3.565,0.4619316,0.5353956
3.57,0.461942,0.5354096
3.575,0.4619534,0.535421
3.58,0.4619642,0.5354322
3.585,0.461974,0.5354466
3.59,0.461986,0.5354584
3.595,0.4619998,0.5354698
3.6,0.4620132,0.5354808
3.605,0.4620228,0.5354924
3.61,0.4620356,0.5355074
3.615,0.4620488,0.535517
3.62,0.4620614,0.5355304
3.625,0.4620704,0.5355446
3.63,0.4620776,0.5355524
3.635,0.4620856,0.5355632
3.64,0.4620978,0.5355742
3.645,0.4621088,0.5355842
3.65,0.4621222,0.5355964
3.655,0.4621296,0.5356062
3.66,0.4621392,0.5356156
3.665,0.4621474,0.535626
3.67,0.4621588,0.535636
3.675,0.4621688,0.5356496
3.68,0.4621774,0.5356628
3.685,0.462188,0.5356716
3.69,0.4621996,0.5356824
3.695,0.4622126,0.5356924
3.7,0.4622212,0.5357016
3.705,0.4622326,0.5357126
3.71,0.4622426,0.5357226
3.715,0.462255,0.5357382
3.72,0.4622636,0.5357494
3.725,0.4622696,0.5357652
3.73,0.4622784,0.5357744
3.735,0.462287,0.535788
3.74,0.4622956,0.5357976
3.745,0.4623052,0.5358068
3.75,0.462315,0.5358172
3.755,0.4623264,0.535828
3.76,0.4623354,0.5358388
3.765,0.4623448,0.5358482
3.77,0.4623536,0.5358576
3.775,0.4623622,0.5358678
3.78,0.4623736,0.535877
3.785,0.4623816,0.5358854
3.79,0.4623908,0.5358976
3.795,0.4624002,0.5359052
3.8,0.462408,0.5359142
3.805,0.4624176,0.5359242
3.81,0.4624246,0.5359328
3.815,0.4624346,0.5359404
3.82,0.4624422,0.5359486
3.825,0.4624488,0.5359586
3.83,0.4624576,0.5359612
3.835,0.4624648,0.5359684
3.84,0.4624732,0.5359744
3.845,0.462481,0.535984
3.85,0.4624902,0.5359926
3.855,0.4624952,0.5359996
3.86,0.4625034,0.5360064
3.865,0.4625108,0.5360122
3.87,0.4625186,0.5360198
3.875,0.4625254,0.536027
3.88,0.4625378,0.5360336
3.885,0.4625452,0.5360418
3.89,0.4625522,0.536048
3.895,0.46256,0.5360568
3.9,0.462566,0.5360658
3.905,0.4625722,0.536071
3.91,0.4625826,0.5360774
3.915,0.462588,0.5360832
3.92,0.4625984,0.5360916
3.925,0.4626032,0.5360972
3.93,0.4626078,0.5361046
3.935,0.4626156,0.5361118
3.94,0.4626214,0.5361168
3.945,0.4626274,0.5361222
3.95,0.462635,0.5361302
3.955,0.46264,0.5361384
3.96,0.4626464,0.5361436
3.965,0.4626522,0.5361506
3.97,0.462658,0.5361556
3.975,0.4626674,0.5361626
3.98,0.4626736,0.5361672
3.985,0.4626782,0.5361708
3.99,0.4626818,0.5361792
3.995,0.4626858,0.536184
4.0,0.4626906,0.5361926
4.005,0.4626946,0.5361998
4.01,0.4626988,0.536204
4.015,0.462703,0.5362094
4.02,0.4627082,0.5362144
4.025,0.462715,0.5362188
4.03,0.4627196,0.5362226
4.035,0.4627234,0.5362252
4.04,0.4627302,0.536231
4.045,0.4627348,0.5362354
4.05,0.4627376,0.5362394
4.055,0.4627414,0.5362446
4.06,0.4627446,0.5362484
4.065,0.462749,0.536252
4.07,0.4627508,0.5362602
4.075,0.4627552,0.5362652
4.08,0.462758,0.5362696
4.085,0.462761,0.5362724
4.09,0.462765,0.5362754
4.095,0.46277,0.5362806
4.1,0.4627748,0.5362866
4.105,0.4627774,0.5362922
4.11,0.4627818,0.5362976
4.115,0.4627866,0.5363016
4.12,0.4627912,0.5363076
4.125,0.4627936,0.5363128
4.13,0.462797,0.5363184
4.135,0.4628002,0.5363236
4.14,0.4628044,0.5363276
4.145,0.4628088,0.5363346
4.15,0.4628116,0.5363392
4.155,0.4628158,0.5363472
4.16,0.4628198,0.5363524
4.165,0.4628224,0.5363554
4.17,0.4628274,0.5363624
4.175,0.4628334,0.5363668
4.18,0.4628366,0.5363694
4.185,0.462841,0.5363734
4.19,0.4628438,0.5363756
4.195,0.4628484,0.5363816
4.2,0.4628536,0.5363858
4.205,0.4628578,0.5363888
4.21,0.462863,0.5363936
4.215,0.4628646,0.5363972
4.22,0.4628688,0.5364008
4.225,0.4628718,0.5364042
4.23,0.4628742,0.5364088
4.235,0.4628782,0.5364136
4.24,0.4628796,0.5364164
4.245,0.4628816,0.5364222
4.25,0.4628836,0.536424
4.255,0.4628868,0.5364272
4.26,0.4628888,0.5364288
4.265,0.4628914,0.5364326
4.27,0.4628946,0.5364368
4.275,0.4628972,0.5364404
4.28,0.4629002,0.5364434
4.285,0.4629038,0.5364458
4.29,0.462908,0.5364498
4.295,0.4629112,0.536453
4.3,0.4629116,0.5364558
4.305,0.4629134,0.5364584
4.31,0.4629164,0.5364628
4.315,0.4629214,0.5364658
4.32,0.4629254,0.5364692
4.325,0.4629286,0.536471
4.33,0.4629312,0.5364728
4.335,0.4629354,0.5364748
4.34,0.4629384,0.5364788
4.345,0.4629396,0.5364796
4.35,0.4629424,0.5364824
4.355,0.4629452,0.5364852
4.36,0.4629474,0.5364884
4.365,0.4629494,0.5364914
4.37,0.4629518,0.5364942
4.375,0.4629538,0.5364968
4.38,0.4629564,0.5364992
4.385,0.4629618,0.5365012
4.39,0.4629638,0.5365034
4.395,0.4629674,0.536505
4.4,0.4629694,0.5365084
4.405,0.4629714,0.5365106
4.41,0.4629736,0.5365148
4.415,0.462977,0.5365182
4.42,0.4629804,0.5365206
4.425,0.4629836,0.5365234
4.43,0.462987,0.5365268
4.435,0.4629894,0.5365302
4.44,0.4629898,0.5365322
4.445,0.4629932,0.5365348
4.45,0.4629944,0.5365376
4.455,0.4629972,0.5365392
4.46,0.4630002,0.5365418
4.465,0.4630014,0.5365434
4.47,0.463005,0.5365448
4.475,0.4630074,0.5365486
4.48,0.463008,0.5365496
4.485,0.4630098,0.536553
4.49,0.4630124,0.5365544
4.495,0.4630158,0.5365554
4.5,0.4630184,0.5365578
4.505,0.46302,0.5365606
4.51,0.4630224,0.5365624
4.515,0.4630248,0.5365646
4.52,0.4630286,0.5365666
4.525,0.4630304,0.536569
4.53,0.463033,0.536572
4.535,0.4630346,0.5365734
4.54,0.4630358,0.5365744
4.545,0.4630372,0.5365764
4.55,0.4630398,0.5365766
4.555,0.4630416,0.5365796
4.56,0.4630438,0.5365814
4.565,0.4630456,0.5365838
4.57,0.4630468,0.5365864
4.575,0.4630488,0.5365888
4.58,0.4630508,0.53659
4.585,0.4630524,0.536591
4.59,0.4630538,0.5365924
4.595,0.463056,0.5365952
4.6,0.4630572,0.5365958
4.605,0.463059,0.5365976
4.61,0.4630608,0.5365998
4.615,0.463062,0.5366002
4.62,0.4630656,0.5366004
4.625,0.4630666,0.5366034
4.63,0.463067,0.5366052
4.635,0.4630688,0.536606
4.64,0.4630698,0.536607
4.645,0.4630702,0.5366082
4.65,0.463072,0.536611
4.655,0.4630736,0.536612
4.66,0.4630756,0.5366126
4.665,0.4630762,0.5366156
4.67,0.4630782,0.5366168
4.675,0.4630802,0.5366182
4.68,0.4630814,0.5366194
4.685,0.463083,0.5366202
4.69,0.4630838,0.5366216
4.695,0.4630848,0.5366226
4.7,0.4630866,0.536623
4.705,0.463089,0.536625
4.71,0.4630906,0.5366264
4.715,0.463092,0.5366272
4.72,0.4630932,0.5366292
4.725,0.4630932,0.5366308
4.73,0.4630944,0.5366312
4.735,0.4630946,0.5366324
4.74,0.463095,0.5366346
4.745,0.463096,0.5366348
4.75,0.4630974,0.5366352
4.755,0.463098,0.5366366
4.76,0.4630986,0.5366374
4.765,0.4630988,0.5366386
4.77,0.4630994,0.536642
4.775,0.4631006,0.5366436
4.78,0.4631028,0.5366456
4.785,0.463105,0.5366458
4.79,0.463107,0.5366466
4.795,0.4631074,0.5366478
4.8,0.4631078,0.5366496
4.805,0.4631098,0.536652
4.81,0.4631114,0.5366528
4.815,0.4631118,0.5366534
4.82,0.463112,0.5366542
4.825,0.4631124,0.5366554
4.83,0.4631134,0.536656
4.835,0.463115,0.5366568
4.84,0.4631166,0.536658
4.845,0.4631168,0.536659
4.85,0.4631174,0.5366602
4.855,0.463119,0.5366604
4.86,0.4631198,0.5366606
4.865,0.4631198,0.536662
4.87,0.4631198,0.536662
4.875,0.4631204,0.5366628
4.88,0.4631212,0.5366642
4.885,0.4631222,0.5366648
4.89,0.4631234,0.536666
4.895,0.4631242,0.5366668
4.9,0.4631248,0.5366684
4.905,0.4631262,0.5366696
4.91,0.4631282,0.5366708
4.915,0.4631292,0.536672
4.92,0.4631294,0.536673
4.925,0.4631302,0.536674
4.93,0.4631318,0.5366758
4.935,0.4631324,0.5366764
4.94,0.4631332,0.5366774
4.945,0.463134,0.5366786
4.95,0.4631342,0.5366794
4.955,0.4631342,0.5366794
4.96,0.463135,0.5366804
4.965,0.463136,0.5366812
4.97,0.4631368,0.5366818
4.975,0.463137,0.5366826
4.98,0.4631374,0.5366842
4.985,0.463138,0.5366846
4.99,0.4631386,0.5366856
4.995,0.4631392,0.5366864
5.0,0.4631392,0.5366872
5.005,0.4631392,0.5366882
5.01,0.46314,0.53669
5.015,0.4631412,0.5366906
5.02,0.4631426,0.536691
5.025,0.4631426,0.5366922
5.03,0.463143,0.5366938
5.035,0.4631442,0.5366946
5.04,0.4631444,0.536695
5.045,0.463147,0.536696
5.05,0.463147,0.5366968
5.055,0.463148,0.5366976
5.06,0.4631486,0.5366978
5.065,0.463149,0.5366982
5.07,0.4631498,0.536699
5.075,0.4631502,0.536699
5.08,0.4631508,0.5366994
5.085,0.463151,0.5367004
5.09,0.4631518,0.5367006
5.095,0.4631532,0.5367018
5.1,0.4631534,0.5367024
5.105,0.4631536,0.536704
5.11,0.463154,0.5367054
5.115,0.4631542,0.5367062
5.12,0.4631544,0.5367068
5.125,0.4631544,0.536707
5.13,0.4631544,0.536708
5.135,0.4631546,0.536709
5.14,0.4631554,0.5367094
5.145,0.4631558,0.5367108
5.15,0.4631566,0.5367122
5.155,0.4631566,0.5367124
5.16,0.4631576,0.5367138
5.165,0.4631578,0.536714
5.17,0.4631598,0.5367156
5.175,0.4631602,0.536716
5.18,0.463161,0.536716
5.185,0.4631616,0.5367166
5.19,0.4631616,0.5367176
5.195,0.463162,0.5367188
5.2,0.4631626,0.5367194
5.205,0.4631628,0.53672
5.21,0.4631632,0.53672
5.215,0.463164,0.5367218
5.22,0.4631644,0.5367228
5.225,0.4631652,0.5367238
5.23,0.4631656,0.536725
5.235,0.463166,0.536727
5.24,0.463166,0.536728
5.245,0.4631662,0.5367286
5.25,0.463167,0.5367292
5.255,0.463168,0.536731
5.26,0.4631688,0.5367312
5.265,0.4631694,0.5367312
5.27,0.4631704,0.5367312
5.275,0.4631704,0.536732
5.28,0.4631704,0.5367334
5.285,0.4631708,0.5367334
5.29,0.4631714,0.536734
5.295,0.463172,0.536734
5.3,0.463173,0.5367348
5.305,0.463173,0.5367348
5.31,0.4631738,0.5367348
5.315,0.4631748,0.5367352
5.32,0.4631752,0.5367352
5.325,0.4631752,0.5367356
5.33,0.4631752,0.5367364
5.335,0.4631752,0.5367364
5.34,0.4631752,0.5367364
5.345,0.4631752,0.5367366
5.35,0.4631752,0.5367372
5.355,0.4631758,0.5367384
5.36,0.4631758,0.5367386
5.365,0.4631764,0.5367386
5.37,0.4631764,0.5367392
5.375,0.4631774,0.5367392
5.38,0.4631774,0.5367396
5.385,0.463179,0.5367418
5.39,0.46318,0.5367422
5.395,0.4631802,0.5367424
5.4,0.4631804,0.5367426
5.405,0.4631804,0.5367426
5.41,0.4631808,0.5367426
5.415,0.4631814,0.5367428
5.42,0.4631814,0.5367432
5.425,0.4631822,0.5367432
5.43,0.4631822,0.5367442
5.435,0.4631822,0.5367442
5.44,0.4631822,0.5367442
5.445,0.4631824,0.5367452
5.45,0.4631826,0.5367452
5.455,0.463183,0.5367464
5.46,0.4631834,0.5367464
5.465,0.4631834,0.5367464
5.47,0.4631834,0.5367468
5.475,0.4631834,0.5367468
5.48,0.4631834,0.5367468
5.485,0.4631834,0.5367474
5.49,0.4631834,0.5367476
5.495,0.4631838,0.5367478
5.5,0.4631838,0.5367488
5.505,0.4631838,0.5367494
5.51,0.4631838,0.53675
5.515,0.4631838,0.5367504
5.52,0.4631838,0.5367506
5.525,0.4631842,0.5367508
5.53,0.4631846,0.536751
5.535,0.4631852,0.536751
5.54,0.4631856,0.5367512
5.545,0.463186,0.5367512
5.55,0.4631874,0.5367512
5.555,0.4631874,0.5367512
5.56,0.4631874,0.5367512
5.565,0.4631874,0.5367512
5.57,0.4631874,0.5367512
5.575,0.4631874,0.5367512
5.58,0.4631876,0.5367512
5.585,0.463188,0.5367518
5.59,0.4631888,0.536752
5.595,0.463189,0.5367524
5.6,0.463189,0.5367526
5.605,0.4631898,0.536753
5.61,0.4631898,0.5367534
5.615,0.46319,0.5367538
5.62,0.4631902,0.5367538
5.625,0.4631904,0.5367538
5.63,0.4631906,0.5367538
5.635,0.4631906,0.536754
5.64,0.4631906,0.5367542
5.645,0.4631906,0.5367546
5.65,0.4631916,0.5367552
5.655,0.4631918,0.5367556
5.66,0.4631918,0.5367558
5.665,0.4631922,0.5367558
5.67,0.4631922,0.5367558
5.675,0.4631922,0.5367558
5.68,0.4631922,0.5367562
5.685,0.463193,0.5367564
5.69,0.4631936,0.536757
5.695,0.4631936,0.5367582
5.7,0.463194,0.5367582
5.705,0.463194,0.5367582
5.71,0.463194,0.5367582
5.715,0.463194,0.5367582
5.72,0.4631942,0.5367584
5.725,0.4631944,0.5367584
5.73,0.4631946,0.5367588
5.735,0.4631952,0.536759
5.74,0.4631956,0.536759
5.745,0.4631956,0.536759
5.75,0.4631956,0.5367592
5.755,0.4631958,0.5367592
5.76,0.4631958,0.5367592
5.765,0.4631964,0.5367592
5.77,0.4631966,0.53676
5.775,0.4631966,0.53676
5.78,0.4631966,0.5367604
5.785,0.4631966,0.5367604
5.79,0.463197,0.5367604
5.795,0.463197,0.5367604
5.8,0.463197,0.5367604
5.805,0.463197,0.5367604
5.81,0.4631976,0.5367604
5.815,0.4631976,0.5367604
5.82,0.4631976,0.5367608
5.825,0.4631976,0.5367608
5.83,0.4631976,0.5367614
5.835,0.4631976,0.5367614
5.84,0.4631978,0.536762
5.845,0.4631986,0.5367622
5.85,0.4631988,0.5367624
5.855,0.463199,0.536763
5.86,0.463199,0.5367632
5.865,0.463199,0.5367636
5.87,0.4631992,0.5367636
5.875,0.4631996,0.5367638
5.88,0.4631996,0.5367642
5.885,0.4632002,0.5367652
5.89,0.4632002,0.5367652
5.895,0.4632004,0.5367652
5.9,0.4632008,0.5367656
5.905,0.4632008,0.5367662
5.91,0.463201,0.5367662
5.915,0.463202,0.5367662
5.92,0.4632024,0.5367662
5.925,0.4632024,0.5367662
5.93,0.4632024,0.5367666
5.935,0.4632024,0.5367666
5.94,0.4632026,0.536767
5.945,0.4632026,0.536767
5.95,0.4632028,0.5367672
5.955,0.463204,0.5367672
5.96,0.4632042,0.5367674
5.965,0.4632042,0.5367678
5.97,0.4632042,0.5367678
5.975,0.4632042,0.5367678
5.98,0.4632044,0.536768
5.985,0.4632044,0.5367682
5.99,0.4632044,0.5367684
5.995,0.4632046,0.5367684
6.0,0.4632046,0.5367684
6.005,0.4632046,0.5367684
6.01,0.4632046,0.5367684
6.015,0.463205,0.5367686
6.02,0.463205,0.5367686
6.025,0.463205,0.5367686
6.03,0.4632058,0.5367686
6.035,0.463206,0.5367686
6.04,0.463206,0.5367688
6.045,0.463206,0.5367688
6.05,0.4632062,0.5367688
6.055,0.4632062,0.5367688
6.06,0.4632074,0.536769
6.065,0.4632074,0.536769
6.07,0.4632074,0.5367702
6.075,0.4632074,0.5367702
6.08,0.4632074,0.5367704
6.085,0.463208,0.5367704
6.09,0.463208,0.5367706
6.095,0.463208,0.5367706
6.1,0.463208,0.5367706
6.105,0.463208,0.5367706
6.11,0.4632086,0.5367706
6.115,0.4632088,0.5367708
6.12,0.4632088,0.5367708
6.125,0.4632088,0.5367708
6.13,0.4632088,0.5367708
6.135,0.4632092,0.5367718
6.14,0.4632094,0.5367722
6.145,0.46321,0.5367722
6.15,0.46321,0.5367722
6.155,0.46321,0.5367722
6.16,0.46321,0.5367722
6.165,0.46321,0.5367726
6.17,0.4632102,0.5367726
6.175,0.4632104,0.5367728
6.18,0.4632104,0.5367732
6.185,0.4632104,0.5367732
6.19,0.4632104,0.5367734
6.195,0.4632104,0.5367734
6.2,0.4632104,0.5367734
6.205,0.4632104,0.5367736
6.21,0.4632104,0.5367736
6.215,0.4632104,0.5367736
6.22,0.4632104,0.5367736
6.225,0.4632104,0.5367738
6.23,0.4632104,0.5367738
6.235,0.463211,0.536774
6.24,0.463211,0.536774
6.245,0.463211,0.5367746
6.25,0.463211,0.536775
6.255,0.463211,0.536775
6.26,0.4632116,0.536775
6.265,0.4632116,0.5367752
6.27,0.4632118,0.5367752
6.275,0.4632118,0.5367752
6.28,0.4632118,0.5367752
6.285,0.4632118,0.5367754
6.29,0.4632118,0.5367754
6.295,0.4632118,0.5367754
6.3,0.4632118,0.5367758
6.305,0.4632118,0.5367764
6.31,0.4632118,0.5367764
6.315,0.4632118,0.5367764
6.32,0.4632118,0.5367764
6.325,0.4632118,0.5367764
6.33,0.4632118,0.5367764
6.335,0.4632118,0.5367764
6.34,0.4632118,0.5367766
6.345,0.4632122,0.5367766
6.35,0.4632122,0.536777
6.355,0.4632122,0.536777
6.36,0.4632124,0.536777
6.365,0.4632124,0.536777
6.37,0.4632124,0.536777
6.375,0.4632124,0.5367774
6.38,0.4632124,0.5367774
6.385,0.4632124,0.5367774
6.39,0.4632124,0.5367782
6.395,0.4632124,0.5367782
6.4,0.4632124,0.5367782
6.405,0.4632124,0.5367782
6.41,0.4632124,0.5367782
6.415,0.4632124,0.5367782
6.42,0.4632124,0.5367782
6.425,0.4632124,0.5367782
6.43,0.4632124,0.5367782
6.435,0.4632126,0.5367782
6.44,0.4632126,0.5367782
6.445,0.4632126,0.5367782
6.45,0.4632126,0.5367782
6.455,0.4632126,0.5367782
6.46,0.4632126,0.5367782
6.465,0.4632126,0.5367782
6.47,0.4632126,0.5367784
6.475,0.4632126,0.5367784
6.48,0.4632126,0.5367784
6.485,0.4632126,0.5367784
6.49,0.4632126,0.5367784
6.495,0.4632126,0.5367784
6.5,0.4632126,0.5367784
6.505,0.4632126,0.5367784
6.51,0.4632126,0.5367784
6.515,0.4632126,0.5367784
6.52,0.463213,0.5367784
6.525,0.463213,0.5367784
6.53,0.463213,0.5367784
6.535,0.463213,0.5367784
6.54,0.463213,0.5367784
6.545,0.463213,0.5367784
6.55,0.463213,0.5367784
6.555,0.463213,0.5367784
6.56,0.4632132,0.5367784
6.565,0.4632132,0.5367784
6.57,0.4632132,0.5367784
6.575,0.4632132,0.5367784
6.58,0.4632132,0.5367784
6.585,0.4632132,0.5367784
6.59,0.4632132,0.5367784
6.595,0.4632132,0.5367784
6.6,0.4632132,0.5367784
6.605,0.4632132,0.5367786
6.61,0.4632132,0.5367786
6.615,0.4632132,0.5367786
6.62,0.4632132,0.536779
6.625,0.4632132,0.536779
6.63,0.4632132,0.536779
6.635,0.4632132,0.536779
6.64,0.4632134,0.5367792
6.645,0.4632134,0.5367792
6.65,0.4632134,0.5367792
6.655,0.4632134,0.5367792
6.66,0.4632134,0.5367792
6.665,0.4632134,0.5367792
6.67,0.4632134,0.5367792
6.675,0.4632134,0.5367792
6.68,0.4632134,0.5367792
6.685,0.4632134,0.5367792
6.69,0.4632134,0.5367792
6.695,0.4632134,0.5367792
6.7,0.4632134,0.5367792
6.705,0.4632134,0.5367792
6.71,0.4632134,0.5367792
6.715,0.4632134,0.5367792
6.72,0.4632134,0.5367794
6.725,0.4632134,0.5367796
6.73,0.4632134,0.5367796
6.735,0.4632134,0.5367796
6.74,0.4632136,0.5367796
6.745,0.4632136,0.5367796
6.75,0.4632136,0.5367796
6.755,0.4632138,0.5367796
6.76,0.4632138,0.5367796
6.765,0.4632138,0.5367796
6.77,0.4632138,0.5367796
6.775,0.4632138,0.5367796
6.78,0.4632138,0.5367796
6.785,0.4632138,0.5367796
6.79,0.4632138,0.5367798
6.795,0.4632138,0.5367798
6.8,0.4632138,0.5367798
6.805,0.4632138,0.5367798
6.81,0.4632138,0.5367798
6.815,0.4632138,0.5367798
6.82,0.4632138,0.5367798
6.825,0.4632138,0.5367798
6.83,0.4632138,0.5367798
6.835,0.4632138,0.5367798
6.84,0.4632142,0.5367798
6.845,0.463215,0.5367802
6.85,0.463215,0.5367802
6.855,0.463215,0.5367802
6.86,0.463215,0.5367802
6.865,0.463215,0.5367802
6.87,0.463215,0.5367802
6.875,0.463215,0.5367802
6.88,0.463215,0.5367802
6.885,0.463215,0.5367802
6.89,0.463215,0.5367802
6.895,0.463215,0.5367802
6.9,0.463215,0.5367802
6.905,0.463215,0.5367802
6.91,0.463215,0.5367802
6.915,0.463215,0.5367802
6.92,0.463215,0.5367802
6.925,0.463215,0.5367802
6.93,0.463215,0.5367802
6.935,0.463215,0.5367802
6.94,0.463215,0.5367802
6.945,0.463215,0.5367802
6.95,0.463215,0.5367804
6.955,0.463215,0.5367804
6.96,0.463215,0.5367804
6.965,0.463215,0.5367804
6.97,0.4632152,0.5367804
6.975,0.4632152,0.5367804
6.98,0.4632152,0.5367804
6.985,0.4632152,0.5367804
6.99,0.4632152,0.5367804
6.995,0.4632152,0.5367804
7.0,0.4632152,0.5367804
7.005,0.4632152,0.5367804
7.01,0.4632152,0.5367804
7.015,0.4632152,0.5367804
7.02,0.4632152,0.5367806
7.025,0.4632154,0.5367806
7.03,0.4632154,0.5367806
7.035,0.4632154,0.5367806
7.04,0.4632154,0.5367806
7.045,0.4632154,0.5367806
7.05,0.4632154,0.5367806
7.055,0.4632154,0.5367806
7.06,0.4632154,0.5367806
7.065,0.4632154,0.5367806
7.07,0.4632154,0.5367806
7.075,0.4632154,0.5367806
7.08,0.4632154,0.5367806
7.085,0.4632154,0.5367806
7.09,0.4632154,0.5367806
7.095,0.4632156,0.5367806
7.1,0.4632156,0.5367806
7.105,0.4632156,0.5367806
7.11,0.4632156,0.5367806
7.115,0.4632156,0.5367806
7.12,0.4632158,0.5367806
7.125,0.4632158,0.5367806
7.13,0.4632158,0.5367806
7.135,0.4632164,0.5367806
7.14,0.4632164,0.5367806
7.145,0.4632164,0.5367808
7.15,0.4632164,0.5367808
7.155,0.4632164,0.5367808
7.16,0.4632164,0.5367808
7.165,0.4632164,0.5367808
7.17,0.4632164,0.5367808
7.175,0.4632164,0.5367808
7.18,0.4632164,0.5367808
7.185,0.4632164,0.5367808
7.19,0.4632164,0.5367808
7.195,0.4632164,0.5367808
7.2,0.4632164,0.5367808
7.205,0.4632164,0.5367808
7.21,0.4632164,0.5367808
7.215,0.4632164,0.5367808
7.22,0.4632164,0.5367808
7.225,0.4632164,0.5367808
7.23,0.4632164,0.5367808
7.235,0.4632164,0.5367808
7.24,0.4632164,0.5367808
7.245,0.4632164,0.5367808
7.25,0.4632164,0.5367808
7.255,0.4632164,0.5367808
7.26,0.4632164,0.5367808
7.265,0.4632164,0.5367808
7.27,0.4632164,0.5367808
7.275,0.4632164,0.5367808
7.28,0.4632164,0.5367808
7.285,0.4632164,0.5367808
7.29,0.4632164,0.5367808
7.295,0.4632164,0.5367808
7.3,0.4632164,0.5367808
7.305,0.4632164,0.5367808
7.31,0.4632164,0.5367808
7.315,0.4632164,0.5367808
7.32,0.4632164,0.5367808
7.325,0.4632164,0.5367808
7.33,0.4632164,0.5367808
7.335,0.4632164,0.5367808
7.34,0.4632164,0.5367808
7.345,0.4632164,0.5367808
7.35,0.4632164,0.5367808
7.355,0.4632166,0.5367808
7.36,0.4632166,0.5367808
7.365,0.4632166,0.5367808
7.37,0.4632166,0.5367808
7.375,0.4632166,0.5367808
7.38,0.4632166,0.5367808
7.385,0.4632166,0.5367808
7.39,0.4632166,0.5367808
7.395,0.4632168,0.5367808
7.4,0.4632168,0.5367808
7.405,0.4632168,0.5367808
7.41,0.4632168,0.5367808
7.415,0.4632168,0.5367808
7.42,0.4632168,0.5367808
7.425,0.4632168,0.5367808
7.43,0.4632168,0.5367808
7.435,0.4632168,0.5367808
7.44,0.4632168,0.5367808
7.445,0.4632168,0.5367808
7.45,0.4632168,0.5367808
7.455,0.4632168,0.5367808
7.46,0.4632168,0.5367808
7.465,0.4632168,0.5367808
7.47,0.4632168,0.5367808
7.475,0.4632168,0.5367808
7.48,0.4632168,0.5367808
7.485,0.4632168,0.5367808
7.49,0.4632168,0.5367808
7.495,0.4632168,0.5367808
7.5,0.4632168,0.5367812
7.505,0.4632168,0.5367812
7.51,0.4632168,0.5367812
7.515,0.4632168,0.5367812
7.52,0.4632168,0.5367812
7.525,0.4632168,0.5367812
7.53,0.4632168,0.5367812
7.535,0.4632168,0.5367812
7.54,0.4632168,0.5367812
7.545,0.4632168,0.5367812
7.55,0.4632168,0.5367812
7.555,0.4632168,0.5367812
7.56,0.4632168,0.5367812
7.565,0.4632168,0.5367812
7.57,0.4632168,0.5367812
7.575,0.4632168,0.5367812
7.58,0.4632168,0.5367812
7.585,0.4632168,0.5367812
7.59,0.4632168,0.5367812
7.595,0.4632168,0.5367812
7.6,0.4632168,0.5367812
7.605,0.4632168,0.5367812
7.61,0.463217,0.5367812
7.615,0.463217,0.5367812
7.62,0.463217,0.5367812
7.625,0.463217,0.5367812
7.63,0.463217,0.5367812
7.635,0.463217,0.5367812
7.64,0.463217,0.5367812
7.645,0.463217,0.5367812
7.65,0.463217,0.5367812
7.655,0.463217,0.5367812
7.66,0.463217,0.5367812
7.665,0.463217,0.5367812
7.67,0.463217,0.5367812
7.675,0.463217,0.5367812
7.68,0.463217,0.5367812
7.685,0.463217,0.5367812
7.69,0.463217,0.5367812
7.695,0.463217,0.5367812
7.7,0.463217,0.5367812
7.705,0.463217,0.5367812
7.71,0.463217,0.5367812
7.715,0.463217,0.5367812
7.72,0.463217,0.5367812
7.725,0.463217,0.5367812
7.73,0.463217,0.5367812
7.735,0.463217,0.5367812
7.74,0.463217,0.5367812
7.745,0.463217,0.5367812
7.75,0.463217,0.5367812
7.755,0.463217,0.5367812
7.76,0.4632174,0.5367812
7.765,0.4632174,0.5367812
7.77,0.4632174,0.5367812
7.775,0.4632174,0.5367812
7.78,0.4632174,0.5367812
7.785,0.4632174,0.5367812
7.79,0.4632174,0.5367812
7.795,0.4632174,0.5367812
7.8,0.4632174,0.5367812
7.805,0.4632174,0.5367812
7.81,0.4632174,0.5367812
7.815,0.4632174,0.5367812
7.82,0.4632174,0.5367812
7.825,0.4632174,0.5367812
7.83,0.4632174,0.5367812
7.835,0.4632174,0.5367812
7.84,0.4632174,0.5367814
7.845,0.4632174,0.5367814
7.85,0.4632174,0.5367814
7.855,0.4632174,0.5367814
7.86,0.4632174,0.5367814
7.865,0.4632174,0.5367814
7.87,0.4632174,0.5367814
7.875,0.4632174,0.5367814
7.88,0.4632174,0.5367814
7.885,0.4632174,0.5367814
7.89,0.4632174,0.5367814
7.895,0.4632174,0.5367814
7.9,0.4632174,0.5367814
7.905,0.4632174,0.5367814
7.91,0.4632174,0.5367814
7.915,0.4632174,0.5367814
7.92,0.4632174,0.5367814
7.925,0.4632174,0.5367814
7.93,0.4632174,0.5367814
7.935,0.4632174,0.5367814
7.94,0.4632174,0.5367814
7.945,0.4632174,0.5367814
7.95,0.4632174,0.5367814
7.955,0.4632174,0.5367814
7.96,0.4632174,0.5367814
7.965,0.4632174,0.5367814
7.97,0.4632174,0.5367814
7.975,0.4632174,0.5367814
7.98,0.4632174,0.5367814
7.985,0.4632174,0.5367814
7.99,0.4632174,0.5367814
7.995,0.4632174,0.5367814
8.0,0.4632174,0.5367814
8.005,0.4632174,0.5367814
8.01,0.4632174,0.5367814
8.015,0.4632174,0.5367814
8.02,0.4632174,0.5367814
8.025,0.4632174,0.5367814
8.03,0.4632174,0.5367814
8.035,0.4632174,0.5367814
8.04,0.4632174,0.5367814
8.045,0.4632174,0.5367814
8.05,0.4632174,0.5367814
8.055,0.4632174,0.5367814
8.06,0.4632174,0.5367814
8.065,0.4632174,0.5367814
8.07,0.4632174,0.5367814
8.075,0.4632174,0.5367814
8.08,0.4632174,0.5367814
8.085,0.4632174,0.5367814
8.09,0.4632174,0.5367814
8.095,0.4632174,0.5367814
8.1,0.4632174,0.5367814
8.105,0.4632174,0.5367814
8.11,0.4632174,0.5367814
8.115,0.4632174,0.5367814
8.12,0.4632174,0.5367814
8.125,0.4632174,0.5367814
8.13,0.4632174,0.5367814
8.135,0.4632174,0.5367814
8.14,0.4632174,0.5367814
8.145,0.4632174,0.5367814
8.15,0.4632174,0.5367814
8.155,0.4632174,0.5367814
8.16,0.4632174,0.5367814
8.165,0.4632174,0.5367814
8.17,0.4632174,0.5367814
8.175,0.4632174,0.5367814
8.18,0.4632174,0.5367814
8.185,0.4632174,0.5367814
8.19,0.4632174,0.5367814
8.195,0.4632174,0.5367814
8.2,0.4632174,0.5367814
8.205,0.4632174,0.5367814
8.21,0.4632174,0.5367814
8.215,0.4632174,0.5367814
8.22,0.4632174,0.5367814
8.225,0.4632174,0.5367814
8.23,0.4632176,0.5367814
8.235,0.4632176,0.5367814
8.24,0.4632176,0.5367814
8.245,0.4632176,0.5367814
8.25,0.4632176,0.5367814
8.255,0.4632176,0.5367814
8.26,0.4632176,0.5367814
8.265,0.4632176,0.5367814
8.27,0.4632176,0.5367814
8.275,0.4632176,0.5367814
8.28,0.4632176,0.5367814
8.285,0.4632176,0.5367814
8.29,0.4632176,0.5367814
8.295,0.4632176,0.5367814
8.3,0.4632176,0.5367814
8.305,0.4632176,0.5367814
8.31,0.4632176,0.5367814
8.315,0.4632176,0.5367814
8.32,0.4632176,0.5367814
8.325,0.4632176,0.5367814
8.33,0.4632176,0.5367814
8.335,0.4632176,0.5367814
8.34,0.4632176,0.5367814
8.345,0.4632176,0.5367814
8.35,0.4632176,0.5367814
8.355,0.4632176,0.5367814
8.36,0.4632176,0.5367814
8.365,0.463218,0.5367814
8.37,0.463218,0.5367814
8.375,0.463218,0.5367814
8.38,0.463218,0.5367814
8.385,0.463218,0.5367814
8.39,0.463218,0.5367814
8.395,0.463218,0.5367814
8.4,0.463218,0.5367814
8.405,0.463218,0.5367814
8.41,0.463218,0.5367814
8.415,0.463218,0.5367814
8.42,0.463218,0.5367814
8.425,0.463218,0.5367814
8.43,0.463218,0.5367814
8.435,0.463218,0.5367814
8.44,0.463218,0.5367814
8.445,0.463218,0.5367814
8.45,0.463218,0.5367814
8.455,0.463218,0.5367814
8.46,0.463218,0.5367814
8.465,0.463218,0.5367814
8.47,0.463218,0.5367814
8.475,0.463218,0.5367814
8.48,0.463218,0.5367814
8.485,0.463218,0.5367814
8.49,0.463218,0.5367814
8.495,0.463218,0.5367814
8.5,0.463218,0.5367814
8.505,0.463218,0.5367814
8.51,0.463218,0.5367814
8.515,0.463218,0.5367814
8.52,0.463218,0.5367814
8.525,0.463218,0.5367814
8.53,0.463218,0.5367814
8.535,0.463218,0.5367814
8.54,0.463218,0.5367814
8.545,0.463218,0.5367814
8.55,0.463218,0.5367814
8.555,0.463218,0.5367814
8.56,0.463218,0.5367814
8.565,0.463218,0.5367814
8.57,0.463218,0.5367814
8.575,0.463218,0.5367814
8.58,0.463218,0.5367814
8.585,0.463218,0.5367814
8.59,0.463218,0.5367814
8.595,0.463218,0.5367814
8.6,0.463218,0.5367814
8.605,0.463218,0.5367814
8.61,0.463218,0.5367814
8.615,0.463218,0.5367814
8.62,0.463218,0.5367814
8.625,0.463218,0.5367814
8.63,0.463218,0.5367814
8.635,0.463218,0.5367814
8.64,0.463218,0.5367814
8.645,0.463218,0.5367814
8.65,0.463218,0.5367814
8.655,0.463218,0.5367814
8.66,0.463218,0.5367814
8.665,0.463218,0.5367814
8.67,0.463218,0.5367814
8.675,0.463218,0.5367814
8.68,0.463218,0.5367814
8.685,0.463218,0.5367814
8.69,0.463218,0.5367814
8.695,0.463218,0.5367814
8.7,0.463218,0.5367814
8.705,0.463218,0.5367814
8.71,0.463218,0.5367814
8.715,0.463218,0.5367814
8.72,0.463218,0.5367814
8.725,0.463218,0.5367814
8.73,0.463218,0.5367814
8.735,0.463218,0.5367814
8.74,0.463218,0.5367814
8.745,0.463218,0.5367814
8.75,0.463218,0.5367814
8.755,0.463218,0.5367814
8.76,0.463218,0.5367814
8.765,0.463218,0.5367814
8.77,0.463218,0.5367814
8.775,0.463218,0.5367814
8.78,0.463218,0.5367814
8.785,0.463218,0.5367814
8.79,0.463218,0.5367814
8.795,0.463218,0.5367814
8.8,0.463218,0.5367814
8.805,0.463218,0.5367814
8.81,0.463218,0.5367814
8.815,0.463218,0.5367814
8.82,0.463218,0.5367814
8.825,0.463218,0.5367814
8.83,0.463218,0.5367814
8.835,0.463218,0.5367814
8.84,0.463218,0.5367814
8.845,0.463218,0.5367814
8.85,0.463218,0.5367814
8.855,0.463218,0.5367814
8.86,0.463218,0.5367814
8.865,0.463218,0.5367814
8.87,0.463218,0.5367814
8.875,0.463218,0.5367814
8.88,0.463218,0.5367814
8.885,0.463218,0.5367814
8.89,0.463218,0.5367814
8.895,0.463218,0.5367814
8.9,0.463218,0.5367814
8.905,0.463218,0.5367814
8.91,0.463218,0.5367814
8.915,0.463218,0.5367814
8.92,0.463218,0.5367814
8.925,0.463218,0.5367814
8.93,0.463218,0.5367814
8.935,0.463218,0.5367814
8.94,0.463218,0.5367814
8.945,0.463218,0.5367814
8.95,0.463218,0.5367814
8.955,0.463218,0.5367814
8.96,0.463218,0.5367814
8.965,0.463218,0.5367814
8.97,0.463218,0.5367814
8.975,0.463218,0.5367814
8.98,0.463218,0.5367814
8.985,0.463218,0.5367814
8.99,0.463218,0.5367814
8.995,0.463218,0.5367814
9.0,0.463218,0.5367814
9.005,0.463218,0.5367814
9.01,0.463218,0.5367814
9.015,0.463218,0.5367814
9.02,0.463218,0.5367814
9.025,0.463218,0.5367814
9.03,0.463218,0.5367814
9.035,0.463218,0.5367814
9.04,0.463218,0.5367814
9.045,0.463218,0.5367814
9.05,0.463218,0.5367814
9.055,0.463218,0.5367814
9.06,0.463218,0.5367814
9.065,0.4632182,0.5367814
9.07,0.4632182,0.5367814
9.075,0.4632182,0.5367814
9.08,0.4632182,0.5367814
9.085,0.4632182,0.5367814
9.09,0.4632182,0.5367814
9.095,0.4632182,0.5367814
9.1,0.4632182,0.5367814
9.105,0.4632182,0.5367814
9.11,0.4632182,0.5367814
9.115,0.4632182,0.5367814
9.12,0.4632182,0.5367814
9.125,0.4632182,0.5367814
9.13,0.4632182,0.5367814
9.135,0.4632182,0.5367814
9.14,0.4632182,0.5367814
9.145,0.4632182,0.5367814
9.15,0.4632182,0.5367814
9.155,0.4632182,0.5367814
9.16,0.4632182,0.5367814
9.165,0.4632182,0.5367814
9.17,0.4632182,0.5367814
9.175,0.4632182,0.5367814
9.18,0.4632182,0.5367814
9.185,0.4632182,0.5367814
9.19,0.4632182,0.5367814
9.195,0.4632182,0.5367814
9.2,0.4632182,0.5367814
9.205,0.4632182,0.5367814
9.21,0.4632182,0.5367814
9.215,0.4632182,0.5367814
9.22,0.4632182,0.5367814
9.225,0.4632182,0.5367814
9.23,0.4632182,0.5367814
9.235,0.4632182,0.5367814
9.24,0.4632182,0.5367814
9.245,0.4632182,0.5367814
9.25,0.4632182,0.5367814
9.255,0.4632182,0.5367814
9.26,0.4632182,0.5367814
9.265,0.4632182,0.5367818
9.27,0.4632182,0.5367818
9.275,0.4632182,0.5367818
9.28,0.4632182,0.5367818
9.285,0.4632182,0.5367818
9.29,0.4632182,0.5367818
9.295,0.4632182,0.5367818
9.3,0.4632182,0.5367818
9.305,0.4632182,0.5367818
9.31,0.4632182,0.5367818
9.315,0.4632182,0.5367818
9.32,0.4632182,0.5367818
9.325,0.4632182,0.5367818
9.33,0.4632182,0.5367818
9.335,0.4632182,0.5367818
9.34,0.4632182,0.5367818
9.345,0.4632182,0.5367818
9.35,0.4632182,0.5367818
9.355,0.4632182,0.5367818
9.36,0.4632182,0.5367818
9.365,0.4632182,0.5367818
9.37,0.4632182,0.5367818
9.375,0.4632182,0.5367818
9.38,0.4632182,0.5367818
9.385,0.4632182,0.5367818
9.39,0.4632182,0.5367818
9.395,0.4632182,0.5367818
9.4,0.4632182,0.5367818
9.405,0.4632182,0.5367818
9.41,0.4632182,0.5367818
9.415,0.4632182,0.5367818
9.42,0.4632182,0.5367818
9.425,0.4632182,0.5367818
9.43,0.4632182,0.5367818
9.435,0.4632182,0.5367818
9.44,0.4632182,0.5367818
9.445,0.4632182,0.5367818
9.45,0.4632182,0.5367818
9.455,0.4632182,0.5367818
9.46,0.4632182,0.5367818
9.465,0.4632182,0.5367818
9.47,0.4632182,0.5367818
9.475,0.4632182,0.5367818
9.48,0.4632182,0.5367818
9.485,0.4632182,0.5367818
9.49,0.4632182,0.5367818
9.495,0.4632182,0.5367818
9.5,0.4632182,0.5367818
9.505,0.4632182,0.5367818
9.51,0.4632182,0.5367818
9.515,0.4632182,0.5367818
9.52,0.4632182,0.5367818
9.525,0.4632182,0.5367818
9.53,0.4632182,0.5367818
9.535,0.4632182,0.5367818
9.54,0.4632182,0.5367818
9.545,0.4632182,0.5367818
9.55,0.4632182,0.5367818
9.555,0.4632182,0.5367818
9.56,0.4632182,0.5367818
9.565,0.4632182,0.5367818
9.57,0.4632182,0.5367818
9.575,0.4632182,0.5367818
9.58,0.4632182,0.5367818
9.585,0.4632182,0.5367818
9.59,0.4632182,0.5367818
9.595,0.4632182,0.5367818
9.6,0.4632182,0.5367818
9.605,0.4632182,0.5367818
9.61,0.4632182,0.5367818
9.615,0.4632182,0.5367818
9.62,0.4632182,0.5367818
9.625,0.4632182,0.5367818
9.63,0.4632182,0.5367818
9.635,0.4632182,0.5367818
9.64,0.4632182,0.5367818
9.645,0.4632182,0.5367818
9.65,0.4632182,0.5367818
9.655,0.4632182,0.5367818
9.66,0.4632182,0.5367818
9.665,0.4632182,0.5367818
9.67,0.4632182,0.5367818
9.675,0.4632182,0.5367818
9.68,0.4632182,0.5367818
9.685,0.4632182,0.5367818
9.69,0.4632182,0.5367818
9.695,0.4632182,0.5367818
9.7,0.4632182,0.5367818
9.705,0.4632182,0.5367818
9.71,0.4632182,0.5367818
9.715,0.4632182,0.5367818
9.72,0.4632182,0.5367818
9.725,0.4632182,0.5367818
9.73,0.4632182,0.5367818
9.735,0.4632182,0.5367818
9.74,0.4632182,0.5367818
9.745,0.4632182,0.5367818
9.75,0.4632182,0.5367818
9.755,0.4632182,0.5367818
9.76,0.4632182,0.5367818
9.765,0.4632182,0.5367818
9.77,0.4632182,0.5367818
9.775,0.4632182,0.5367818
9.78,0.4632182,0.5367818
9.785,0.4632182,0.5367818
9.79,0.4632182,0.5367818
9.795,0.4632182,0.5367818
9.8,0.4632182,0.5367818
9.805,0.4632182,0.5367818
9.81,0.4632182,0.5367818
9.815,0.4632182,0.5367818
9.82,0.4632182,0.5367818
9.825,0.4632182,0.5367818
9.83,0.4632182,0.5367818
9.835,0.4632182,0.5367818
9.84,0.4632182,0.5367818
9.845,0.4632182,0.5367818
9.85,0.4632182,0.5367818
9.855,0.4632182,0.5367818
9.86,0.4632182,0.5367818
9.865,0.4632182,0.5367818
9.87,0.4632182,0.5367818
9.875,0.4632182,0.5367818
9.88,0.4632182,0.5367818
9.885,0.4632182,0.5367818
9.89,0.4632182,0.5367818
9.895,0.4632182,0.5367818
9.9,0.4632182,0.5367818
9.905,0.4632182,0.5367818
9.91,0.4632182,0.5367818
9.915,0.4632182,0.5367818
9.92,0.4632182,0.5367818
9.925,0.4632182,0.5367818
9.93,0.4632182,0.5367818
9.935,0.4632182,0.5367818
9.94,0.4632182,0.5367818
9.945,0.4632182,0.5367818
9.95,0.4632182,0.5367818
9.955,0.4632182,0.5367818
9.96,0.4632182,0.5367818
9.965,0.4632182,0.5367818
9.97,0.4632182,0.5367818
9.975,0.4632182,0.5367818
9.98,0.4632182,0.5367818
9.985,0.4632182,0.5367818
9.99,0.4632182,0.5367818
9.995,0.4632182,0.5367818
10.0,0.4632182,0.5367818
